Unnamed: 0,Age,M,F,year
0,0-4,39673730,36834184,1950
1,5-9,30581430,26816395,1950
2,10-14,29491632,25332924,1950
3,15-19,27805596,24438980,1950
4,20-24,24688584,21571527,1950
5,25-29,21732884,19977100,1950
6,30-34,21548420,19584180,1950
7,35-39,19318900,17816822,1950
8,40-44,16548267,15599842,1950
9,45-49,14961619,14081686,1950
10,50-54,12255505,11367061,1950
11,55-59,10717553,10566709,1950
12,60-64,8000454,8549793,1950
13,65-69,5634931,6805964,1950
14,70-74,2926839,4041122,1950
15,75-79,1402092,2234066,1950
16,80-84,381174,854076,1950
17,85-89,59660,170772,1950
18,90-94,9509,31833,1950
19,95-99,1002,3954,1950
20,100+,84,414,1950
0,0-4,43675001,40888244,1951
1,5-9,31404724,27851870,1951
2,10-14,29572392,25416899,1951
3,15-19,28258411,24789479,1951
4,20-24,25345058,22098611,1951
5,25-29,22067657,20116320,1951
6,30-34,21617993,19672207,1951
7,35-39,19769308,18145288,1951
8,40-44,16831130,15844383,1951
9,45-49,15099065,14334081,1951
10,50-54,12441577,11641329,1951
11,55-59,10687714,10514911,1951
12,60-64,8085875,8578665,1951
13,65-69,5683337,6811251,1951
14,70-74,3054712,4182430,1951
15,75-79,1436957,2264684,1951
16,80-84,450541,934854,1951
17,85-89,75360,216141,1951
18,90-94,9737,34068,1951
19,95-99,1322,4974,1951
20,100+,94,454,1951
0,0-4,48172839,45239319,1952
1,5-9,32265211,28996799,1952
2,10-14,29330881,25289030,1952
3,15-19,28420579,24830332,1952
4,20-24,25764087,22530196,1952
5,25-29,22381706,20148812,1952
6,30-34,21358746,19509231,1952
7,35-39,20059708,18320735,1952
8,40-44,17071790,16013579,1952
9,45-49,15023744,14352187,1952
10,50-54,12630740,11963623,1952
11,55-59,10518219,10324847,1952
12,60-64,8146240,8616049,1952
13,65-69,5619506,6678501,1952
14,70-74,3162856,4315750,1952
15,75-79,1412008,2233175,1952
16,80-84,500867,979045,1952
17,85-89,86915,252336,1952
18,90-94,11296,36202,1952
19,95-99,1787,6457,1952
20,100+,99,468,1952
0,0-4,51584383,48481727,1953
1,5-9,33408326,30448275,1953
2,10-14,29088521,25220183,1953
3,15-19,28497749,24770500,1953
4,20-24,26127255,22973197,1953
5,25-29,22797329,20244132,1953
6,30-34,21040397,19295247,1953
7,35-39,20303124,18462748,1953
8,40-44,17377194,16216692,1953
9,45-49,14917314,14299413,1953
10,50-54,12854799,12338089,1953
11,55-59,10358312,10151681,1953
12,60-64,8214718,8693640,1953
13,65-69,5528375,6510887,1953
14,70-74,3246863,4437595,1953
15,75-79,1360230,2184783,1953
16,80-84,518168,982296,1953
17,85-89,95195,274010,1953
18,90-94,13119,39328,1953
19,95-99,2091,7429,1953
20,100+,100,467,1953
0,0-4,53298270,50095382,1954
1,5-9,34904238,32229862,1954
2,10-14,29086163,25420334,1954
3,15-19,28567031,24731168,1954
4,20-24,26517641,23418707,1954
5,25-29,23314628,20486223,1954
6,30-34,20887615,19173849,1954
7,35-39,20517123,18606148,1954
8,40-44,17765645,16482751,1954
9,45-49,14927027,14314424,1954
10,50-54,13077273,12697100,1954
11,55-59,10320268,10126404,1954
12,60-64,8279279,8783492,1954
13,65-69,5477208,6400682,1954
14,70-74,3287293,4516718,1954
15,75-79,1311813,2158029,1954
16,80-84,492149,943534,1954
17,85-89,97300,276055,1954
18,90-94,13367,40614,1954
19,95-99,1953,7004,1954
20,100+,98,454,1954
0,0-4,53627477,50408845,1955
1,5-9,36660031,34202170,1955
2,10-14,29422313,25985605,1955
3,15-19,28621661,24744378,1955
4,20-24,26928698,23812240,1955
5,25-29,23880498,20875272,1955
6,30-34,20984849,19192408,1955
7,35-39,20671575,18730517,1955
8,40-44,18203754,16790110,1955
9,45-49,15105730,14450817,1955
10,50-54,13259822,12982075,1955
11,55-59,10429911,10286828,1955
12,60-64,8326360,8856393,1955
13,65-69,5488217,6387654,1955
14,70-74,3277030,4534120,1955
15,75-79,1274864,2164359,1955
16,80-84,422040,868574,1955
17,85-89,83872,249756,1955
18,90-94,9657,35137,1955
19,95-99,1088,4317,1955
20,100+,95,435,1955
0,0-4,55309956,51889506,1956
1,5-9,38732544,36385236,1956
2,10-14,29853166,26692512,1956
3,15-19,28362372,24548398,1956
4,20-24,27061167,23889840,1956
5,25-29,24229294,21156756,1956
6,30-34,21052171,19115116,1956
7,35-39,20483299,18599844,1956
8,40-44,18421590,16952004,1956
9,45-49,15216872,14555718,1956
10,50-54,13181589,13032807,1956
11,55-59,10405998,10374058,1956
12,60-64,8200568,8715112,1956
13,65-69,5494247,6375689,1956
14,70-74,3253845,4457858,1956
15,75-79,1352916,2243664,1956
16,80-84,439921,889185,1956
17,85-89,100699,274298,1956
18,90-94,11584,45442,1956
19,95-99,1227,4668,1956
20,100+,89,407,1956
0,0-4,54479675,51121233,1957
1,5-9,41541905,39159109,1957
2,10-14,30759796,27872927,1957
3,15-19,28243341,24518083,1957
4,20-24,27349085,24042147,1957
5,25-29,24742667,21678119,1957
6,30-34,21445286,19240007,1957
7,35-39,20319776,18519260,1957
8,40-44,18783636,17224867,1957
9,45-49,15541234,14829697,1957
10,50-54,13157040,13099781,1957
11,55-59,10549278,10669693,1957
12,60-64,8083957,8588669,1957
13,65-69,5560638,6461832,1957
14,70-74,3202998,4357070,1957
15,75-79,1414603,2330410,1957
16,80-84,434632,878215,1957
17,85-89,113765,286483,1957
18,90-94,14206,54619,1957
19,95-99,1610,5836,1957
20,100+,83,380,1957
0,0-4,52485802,49328690,1958
1,5-9,44786273,42242497,1958
2,10-14,32004989,29388859,1958
3,15-19,28228918,24630113,1958
4,20-24,27648002,24177549,1958
5,25-29,25294645,22286488,1958
6,30-34,22016928,19486367,1958
7,35-39,20173740,18451104,1958
8,40-44,19169266,17509714,1958
9,45-49,15974882,15182557,1958
10,50-54,13176917,13169467,1958
11,55-59,10771237,11064722,1958
12,60-64,7983279,8502108,1958
13,65-69,5636067,6575089,1958
14,70-74,3142017,4260337,1958
15,75-79,1429755,2388032,1958
16,80-84,409126,839051,1958
17,85-89,116641,279589,1958
18,90-94,16349,59573,1958
19,95-99,1888,6720,1958
20,100+,77,353,1958
0,0-4,50726829,47755536,1959
1,5-9,47831505,45080056,1959
2,10-14,33564731,31176033,1959
3,15-19,28349199,24921790,1959
4,20-24,27813335,24227914,1959
5,25-29,25762988,22800634,1959
6,30-34,22592940,19784351,1959
7,35-39,20099275,18392463,1959
8,40-44,19442224,17703577,1959
9,45-49,16405185,15516566,1959
10,50-54,13261504,13263260,1959
11,55-59,10965548,11421953,1959
12,60-64,7926664,8503930,1959
13,65-69,5663741,6641910,1959
14,70-74,3087016,4198067,1959
15,75-79,1378245,2380491,1959
16,80-84,365889,782499,1959
17,85-89,100834,245442,1959
18,90-94,15563,54783,1959
19,95-99,1689,6173,1959
20,100+,71,328,1959
0,0-4,50115435,47186883,1960
1,5-9,49895138,47005601,1960
2,10-14,35521377,33264529,1960
3,15-19,28667181,25452956,1960
4,20-24,27801040,24191227,1960
5,25-29,26096434,23130394,1960
6,30-34,23082592,20107692,1960
7,35-39,20150071,18363669,1960
8,40-44,19542927,17766213,1960
9,45-49,16777809,15785361,1960
10,50-54,13428915,13404331,1960
11,55-59,11084421,11670562,1960
12,60-64,7936009,8620071,1960
13,65-69,5625923,6643429,1960
14,70-74,3042315,4178354,1960
15,75-79,1268061,2306925,1960
16,80-84,297933,714029,1960
17,85-89,59576,177893,1960
18,90-94,8045,32637,1960
19,95-99,641,3083,1960
20,100+,65,305,1960
0,0-4,48200263,45387928,1961
1,5-9,51416888,48445594,1961
2,10-14,38163836,35924059,1961
3,15-19,29352453,26365349,1961
4,20-24,27838104,24218932,1961
5,25-29,26493976,23431502,1961
6,30-34,23648970,20585551,1961
7,35-39,20411236,18467730,1961
8,40-44,19556270,17821475,1961
9,45-49,17152926,16093994,1961
10,50-54,13658328,13621269,1961
11,55-59,11133544,11806180,1961
12,60-64,8051500,8804205,1961
13,65-69,5624341,6633019,1961
14,70-74,3153682,4263887,1961
15,75-79,1354238,2365174,1961
16,80-84,361401,826968,1961
17,85-89,66120,198160,1961
18,90-94,9965,38475,1961
19,95-99,867,3993,1961
20,100+,61,288,1961
0,0-4,49131459,46183209,1962
1,5-9,51287815,48334925,1962
2,10-14,41069021,38761367,1962
3,15-19,30056234,27366217,1962
4,20-24,27628701,24087253,1962
5,25-29,26692928,23499783,1962
6,30-34,24068400,21031174,1962
7,35-39,20717964,18525177,1962
8,40-44,19333585,17692188,1962
9,45-49,17442494,16305908,1962
10,50-54,13899476,13830162,1962
11,55-59,11071621,11812341,1962
12,60-64,8170832,9039801,1962
13,65-69,5541573,6536856,1962
14,70-74,3225761,4332911,1962
15,75-79,1392575,2359161,1962
16,80-84,411890,920702,1962
17,85-89,69527,206693,1962
18,90-94,13134,44385,1962
19,95-99,1328,5790,1962
20,100+,58,275,1962
0,0-4,52108882,48852928,1963
1,5-9,49745519,46896926,1963
2,10-14,44087691,41650421,1963
3,15-19,30986713,28603781,1963
4,20-24,27382574,23986301,1963
5,25-29,26772884,23441448,1963
6,30-34,24409489,21456183,1963
7,35-39,21095866,18614782,1963
8,40-44,19041054,17492237,1963
9,45-49,17668602,16454377,1963
10,50-54,14175487,14054587,1963
11,55-59,10996351,11782948,1963
12,60-64,8283889,9306265,1963
13,65-69,5443993,6432808,1963
14,70-74,3254850,4380305,1963
15,75-79,1390941,2322603,1963
16,80-84,438412,972290,1963
17,85-89,72632,209825,1963
18,90-94,15243,47919,1963
19,95-99,1672,7080,1963
20,100+,56,269,1963
0,0-4,55643791,52089280,1964
1,5-9,47750239,45017422,1964
2,10-14,46721579,44147928,1964
3,15-19,32447827,30297709,1964
4,20-24,27388168,24172081,1964
5,25-29,26838953,23398699,1964
6,30-34,24776710,21872007,1964
7,35-39,21570828,18834377,1964
8,40-44,18907846,17374149,1964
9,45-49,17864125,16585290,1964
10,50-54,14518278,14326362,1964
11,55-59,11031003,11842849,1964
12,60-64,8386883,9573188,1964
13,65-69,5402856,6417863,1964
14,70-74,3242135,4401534,1964
15,75-79,1364677,2290389,1964
16,80-84,434018,970271,1964
17,85-89,73977,210569,1964
18,90-94,14332,45712,1964
19,95-99,1613,6757,1964
20,100+,56,272,1964
0,0-4,58742502,55034414,1965
1,5-9,46558428,43857395,1965
2,10-14,48346691,45682614,1965
3,15-19,34564179,32525977,1965
4,20-24,27797078,24777308,1965
5,25-29,26932384,23437016,1965
6,30-34,25204786,22263408,1965
7,35-39,22133600,19215121,1965
8,40-44,19042264,17407364,1965
9,45-49,18035992,16710177,1965
10,50-54,14930514,14647568,1965
11,55-59,11227480,12043877,1965
12,60-64,8484415,9820930,1965
13,65-69,5440387,6534224,1965
14,70-74,3197261,4399867,1965
15,75-79,1321272,2273823,1965
16,80-84,394604,920368,1965
17,85-89,64797,200106,1965
18,90-94,9687,33936,1965
19,95-99,905,3909,1965
20,100+,57,285,1965
0,0-4,62972535,59160449,1966
1,5-9,46627542,43923802,1966
2,10-14,48542470,45891644,1966
3,15-19,36931392,34926980,1966
4,20-24,28261506,25502620,1966
5,25-29,26753569,23316992,1966
6,30-34,25392477,22425461,1966
7,35-39,22520541,19566752,1966
8,40-44,19198088,17409885,1966
9,45-49,18012351,16653032,1966
10,50-54,15303846,14843831,1966
11,55-59,11522122,12219289,1966
12,60-64,8622168,9992308,1966
13,65-69,5632303,6805460,1966
14,70-74,3316539,4483022,1966
15,75-79,1455992,2397213,1966
16,80-84,450544,993248,1966
17,85-89,83704,248644,1966
18,90-94,10111,38028,1966
19,95-99,1199,4864,1966
20,100+,59,305,1966
0,0-4,65780433,62088957,1967
1,5-9,47951416,45169126,1967
2,10-14,47957815,45338165,1967
3,15-19,40086638,37980824,1967
4,20-24,29068931,26582705,1967
5,25-29,26652006,23294487,1967
6,30-34,25683053,22608676,1967
7,35-39,23023849,20102235,1967
8,40-44,19606887,17564124,1967
9,45-49,17964639,16613502,1967
10,50-54,15767718,15112935,1967
11,55-59,11956966,12504801,1967
12,60-64,8779901,10147740,1967
13,65-69,5880745,7181512,1967
14,70-74,3424057,4564538,1967
15,75-79,1596743,2538880,1967
16,80-84,498979,1048173,1967
17,85-89,102319,293814,1967
18,90-94,11856,42368,1967
19,95-99,1714,6551,1967
20,100+,62,336,1967
0,0-4,67399598,63981663,1968
1,5-9,50435832,47521160,1968
2,10-14,46877352,44295223,1968
3,15-19,43481459,41191930,1968
4,20-24,30269085,28035647,1968
5,25-29,26669938,23418009,1968
6,30-34,26004733,22782857,1968
7,35-39,23584647,20726361,1968
8,40-44,20187903,17842088,1968
9,45-49,17935138,16598754,1968
10,50-54,16254926,15405333,1968
11,55-59,12489125,12859976,1968
12,60-64,8982624,10311310,1968
13,65-69,6155234,7602754,1968
14,70-74,3535427,4676054,1968
15,75-79,1728467,2683885,1968
16,80-84,541566,1088909,1968
17,85-89,118787,328385,1968
18,90-94,14336,47858,1968
19,95-99,2100,7842,1968
20,100+,66,374,1968
0,0-4,68441759,65277959,1969
1,5-9,53473581,50434635,1969
2,10-14,46005317,43442741,1969
3,15-19,46240625,43778130,1969
4,20-24,31937303,29888849,1969
5,25-29,26877087,23766634,1969
6,30-34,26253373,22913429,1969
7,35-39,24119131,21298547,1969
8,40-44,20814009,18206224,1969
9,45-49,17996848,16627819,1969
10,50-54,16665884,15651899,1969
11,55-59,13050904,13226941,1969
12,60-64,9258231,10514697,1969
13,65-69,6413781,7989558,1969
14,70-74,3664974,4851004,1969
15,75-79,1833619,2810724,1969
16,80-84,581594,1123755,1969
17,85-89,130095,347061,1969
18,90-94,15813,51206,1969
19,95-99,2039,7678,1969
20,100+,71,412,1969
0,0-4,69402971,66328638,1970
1,5-9,56156481,53081152,1970
2,10-14,46011735,43429752,1970
3,15-19,47856207,45290224,1970
4,20-24,34097031,32136409,1970
5,25-29,27340206,24407984,1970
6,30-34,26390151,23003611,1970
7,35-39,24583779,21742011,1970
8,40-44,21412175,18638142,1970
9,45-49,18203789,16723256,1970
10,50-54,16951540,15821541,1970
11,55-59,13600675,13575172,1970
12,60-64,9621712,10776320,1970
13,65-69,6643389,8306708,1970
14,70-74,3818211,5099875,1970
15,75-79,1908609,2915838,1970
16,80-84,618845,1160136,1970
17,85-89,132770,345148,1970
18,90-94,13867,48466,1970
19,95-99,1237,5098,1970
20,100+,76,448,1970
0,0-4,70505837,67487669,1971
1,5-9,58667104,55536741,1971
2,10-14,46779518,44132960,1971
3,15-19,48299888,45684393,1971
4,20-24,36667002,34696867,1971
5,25-29,27978219,25260384,1971
6,30-34,26397810,23021626,1971
7,35-39,24951737,22039250,1971
8,40-44,21960726,19110126,1971
9,45-49,18496302,16851181,1971
10,50-54,17044841,15886268,1971
11,55-59,14042933,13856989,1971
12,60-64,9992893,11021029,1971
13,65-69,6851851,8515047,1971
14,70-74,4014801,5353239,1971
15,75-79,2016551,3017023,1971
16,80-84,709963,1272921,1971
17,85-89,159064,387050,1971
18,90-94,18531,65013,1971
19,95-99,1595,6206,1971
20,100+,81,479,1971
0,0-4,70468625,67305850,1972
1,5-9,61283234,58176546,1972
2,10-14,48407567,45668447,1972
3,15-19,47676219,45086013,1972
4,20-24,39883971,37807653,1972
5,25-29,28840154,26384874,1972
6,30-34,26369690,23058147,1972
7,35-39,25317714,22287203,1972
8,40-44,22540492,19702717,1972
9,45-49,18967057,17071100,1972
10,50-54,17054150,15922186,1972
11,55-59,14520188,14172427,1972
12,60-64,10438001,11333291,1972
13,65-69,7047582,8694437,1972
14,70-74,4237051,5671594,1972
15,75-79,2104620,3096784,1972
16,80-84,795861,1381412,1972
17,85-89,179911,415564,1972
18,90-94,24919,81460,1972
19,95-99,2282,8373,1972
20,100+,87,509,1972
0,0-4,69606563,66161182,1973
1,5-9,63814636,60802746,1973
2,10-14,50648467,47799387,1973
3,15-19,46491296,43964768,1973
4,20-24,43217718,40982457,1973
5,25-29,30002240,27814779,1973
6,30-34,26376160,23179503,1973
7,35-39,25634812,22470917,1973
8,40-44,23110323,20333811,1973
9,45-49,19553793,17368211,1973
10,50-54,17039046,15947035,1973
11,55-59,14986422,14484422,1973
12,60-64,10928870,11685165,1973
13,65-69,7254429,8868267,1973
14,70-74,4468311,6018067,1973
15,75-79,2184568,3182185,1973
16,80-84,865085,1470228,1973
17,85-89,196631,433362,1973
18,90-94,31240,94576,1973
19,95-99,2851,10208,1973
20,100+,92,539,1973
0,0-4,68092757,64385587,1974
1,5-9,66021159,63118846,1974
2,10-14,53135824,50189215,1974
3,15-19,45635754,43146116,1974
4,20-24,45883619,43500010,1974
5,25-29,31607073,29621437,1974
6,30-34,26549485,23505206,1974
7,35-39,25860949,22594188,1974
8,40-44,23638033,20898395,1974
9,45-49,20176746,17736719,1974
10,50-54,17112382,16005725,1974
11,55-59,15382344,14750936,1974
12,60-64,11434912,12046330,1974
13,65-69,7511240,9076224,1974
14,70-74,4687109,6342548,1974
15,75-79,2272146,3306057,1974
16,80-84,909571,1528213,1974
17,85-89,210082,445085,1974
18,90-94,34177,98116,1974
19,95-99,2849,10372,1974
20,100+,98,572,1974
0,0-4,66088242,62256076,1975
1,5-9,67624760,64772484,1975
2,10-14,55640913,52644002,1975
3,15-19,45681410,43166282,1975
4,20-24,47430209,44947308,1975
5,25-29,33712124,31819394,1975
6,30-34,26985927,24120781,1975
7,35-39,25988365,22677456,1975
8,40-44,24106750,21337672,1975
9,45-49,20787702,18173452,1975
10,50-54,17345536,16131005,1975
11,55-59,15677617,14952277,1975
12,60-64,11940338,12400940,1975
13,65-69,7840307,9340756,1975
14,70-74,4886376,6621533,1975
15,75-79,2376258,3483906,1975
16,80-84,930364,1559929,1975
17,85-89,216837,449250,1975
18,90-94,29853,86298,1975
19,95-99,1841,7646,1975
20,100+,104,609,1975
0,0-4,63091674,59048601,1976
1,5-9,68737525,65870035,1976
2,10-14,58271677,55312152,1976
3,15-19,46537616,43976349,1976
4,20-24,47983957,45471802,1976
5,25-29,36348056,34465095,1976
6,30-34,27682463,25041876,1976
7,35-39,26057739,22769280,1976
8,40-44,24530789,21708592,1976
9,45-49,21388662,18702199,1976
10,50-54,17705494,16320045,1976
11,55-59,15849193,15086691,1976
12,60-64,12428937,12734021,1976
13,65-69,8219423,9608759,1976
14,70-74,5072920,6814641,1976
15,75-79,2534198,3718490,1976
16,80-84,1004082,1656947,1976
17,85-89,262058,518765,1976
18,90-94,37128,103070,1976
19,95-99,2930,10721,1976
20,100+,109,651,1976
0,0-4,59968378,56017280,1977
1,5-9,68948926,65938138,1977
2,10-14,60948060,58053231,1977
3,15-19,48157748,45482489,1977
4,20-24,47395678,44888424,1977
5,25-29,39575870,37577079,1977
6,30-34,28558080,26170728,1977
7,35-39,26052037,22820037,1977
8,40-44,24914828,21976435,1977
9,45-49,21989513,19306979,1977
10,50-54,18206559,16556071,1977
11,55-59,15915519,15156465,1977
12,60-64,12939796,13073350,1977
13,65-69,8652777,9921337,1977
14,70-74,5244631,6971311,1977
15,75-79,2697615,3974954,1977
16,80-84,1055555,1726364,1977
17,85-89,299777,576983,1977
18,90-94,44667,116185,1977
19,95-99,4794,15809,1977
20,100+,115,698,1977
0,0-4,56939525,53285554,1978
1,5-9,68228617,64972074,1978
2,10-14,63532115,60718823,1978
3,15-19,50380832,47563628,1978
4,20-24,46230831,43747869,1978
5,25-29,42908634,40720144,1978
6,30-34,29723507,27581541,1978
7,35-39,26073743,22936657,1978
8,40-44,25243326,22161641,1978
9,45-49,22576505,19937913,1978
10,50-54,18810111,16854354,1978
11,55-59,15956469,15205108,1978
12,60-64,13441958,13402667,1978
13,65-69,9126691,10270440,1978
14,70-74,5433595,7132176,1978
15,75-79,2857303,4230810,1978
16,80-84,1090690,1785466,1978
17,85-89,323487,615344,1978
18,90-94,52097,126382,1978
19,95-99,6250,19685,1978
20,100+,124,755,1978
0,0-4,54338183,50999445,1979
1,5-9,66772884,63256885,1979
2,10-14,65713206,62957867,1979
3,15-19,52873785,49952266,1979
4,20-24,45393893,42923340,1979
5,25-29,45578296,43216742,1979
6,30-34,31331738,29374210,1979
7,35-39,26262389,23262791,1979
8,40-44,25484069,22291108,1979
9,45-49,23124255,20511116,1979
10,50-54,19448203,17229949,1979
11,55-59,16085904,15291788,1979
12,60-64,13879317,13694411,1979
13,65-69,9621349,10640778,1979
14,70-74,5674968,7339790,1979
15,75-79,3001531,4458312,1979
16,80-84,1120052,1856896,1979
17,85-89,328498,631320,1979
18,90-94,55404,128223,1979
19,95-99,6304,19778,1979
20,100+,137,832,1979
0,0-4,52366875,49227644,1980
1,5-9,64958712,61282503,1980
2,10-14,67160955,64390579,1980
3,15-19,55388171,52436685,1980
4,20-24,45447771,42955050,1980
5,25-29,47128738,44666519,1980
6,30-34,33436245,31569844,1980
7,35-39,26709635,23887152,1980
8,40-44,25626642,22389813,1980
9,45-49,23611616,20970701,1980
10,50-54,20075359,17684959,1980
11,55-59,16367595,15450080,1980
12,60-64,14219735,13932151,1980
13,65-69,10125302,11019942,1980
14,70-74,5983889,7611304,1980
15,75-79,3131339,4652753,1980
16,80-84,1150706,1951725,1980
17,85-89,311887,624533,1980
18,90-94,48710,116082,1980
19,95-99,4130,14108,1980
20,100+,157,932,1980
0,0-4,49992605,47167490,1981
1,5-9,63100818,59342302,1981
2,10-14,68036866,65127794,1981
3,15-19,58095634,55141138,1981
4,20-24,46360829,43786992,1981
5,25-29,47743058,45212881,1981
6,30-34,36105045,34218239,1981
7,35-39,27435593,24815480,1981
8,40-44,25729548,22495902,1981
9,45-49,24056796,21345798,1981
10,50-54,20689423,18218106,1981
11,55-59,16741579,15647507,1981
12,60-64,14408211,14078018,1981
13,65-69,10584115,11345774,1981
14,70-74,6312886,7869192,1981
15,75-79,3291424,4830858,1981
16,80-84,1276869,2139736,1981
17,85-89,354949,692945,1981
18,90-94,61680,143939,1981
19,95-99,5710,17234,1981
20,100+,185,1063,1981
0,0-4,49347874,46600253,1982
1,5-9,60502488,56813818,1982
2,10-14,68075839,64972977,1982
3,15-19,60792666,57922297,1982
4,20-24,47947157,45266771,1982
5,25-29,47133475,44614841,1982
6,30-34,39299445,37298253,1982
7,35-39,28290606,25926258,1982
8,40-44,25713993,22541930,1982
9,45-49,24423977,21602680,1982
10,50-54,21272138,18811016,1982
11,55-59,17221121,15878093,1982
12,60-64,14477156,14154031,1982
13,65-69,11053177,11672877,1982
14,70-74,6665393,8156111,1982
15,75-79,3421185,4970811,1982
16,80-84,1389513,2322136,1982
17,85-89,384011,737415,1982
18,90-94,74605,168283,1982
19,95-99,8340,22538,1982
20,100+,221,1220,1982
0,0-4,50051858,47192553,1983
1,5-9,57391027,53907090,1983
2,10-14,67461964,64132491,1983
3,15-19,63313963,60561912,1983
4,20-24,50097939,47306225,1983
5,25-29,45922570,43457294,1983
6,30-34,42567747,40399618,1983
7,35-39,29415767,27311813,1983
8,40-44,25710590,22649745,1983
9,45-49,24726908,21779385,1983
10,50-54,21831009,19426155,1983
11,55-59,17789588,16169900,1983
12,60-64,14520568,14211575,1983
13,65-69,11513830,11994876,1983
14,70-74,7044242,8478079,1983
15,75-79,3549196,5108382,1983
16,80-84,1477649,2482102,1983
17,85-89,400800,765271,1983
18,90-94,84983,185957,1983
19,95-99,10393,26732,1983
20,100+,263,1392,1983
0,0-4,51669160,48614535,1984
1,5-9,54256290,51030484,1984
2,10-14,66322001,62800317,1984
3,15-19,65409303,62723971,1984
4,20-24,52552405,49679061,1984
5,25-29,45074116,42641741,1984
6,30-34,45203495,42881347,1984
7,35-39,31002950,29093344,1984
8,40-44,25892523,22978703,1984
9,45-49,24967142,21918700,1984
10,50-54,22369845,19996337,1984
11,55-59,18409567,16551174,1984
12,60-64,14665307,14317807,1984
13,65-69,11926955,12294936,1984
14,70-74,7450451,8831902,1984
15,75-79,3708881,5281372,1984
16,80-84,1536047,2606623,1984
17,85-89,407823,790291,1984
18,90-94,87380,188598,1984
19,95-99,10433,26781,1984
20,100+,309,1565,1984
0,0-4,53900674,50640290,1985
1,5-9,51732174,48703655,1985
2,10-14,64612633,61006270,1985
3,15-19,66883278,64166327,1985
4,20-24,55098392,52194814,1985
5,25-29,45164605,42711781,1985
6,30-34,46781639,44360065,1985
7,35-39,33122696,31301927,1985
8,40-44,26363382,23622993,1985
9,45-49,25143913,22048021,1985
10,50-54,22880355,20474136,1985
11,55-59,19049306,17027677,1985
12,60-64,14976729,14508497,1985
13,65-69,12269120,12560296,1985
14,70-74,7883942,9209482,1985
15,75-79,3918036,5509322,1985
16,80-84,1570911,2701209,1985
17,85-89,402897,815626,1985
18,90-94,74438,168629,1985
19,95-99,7205,19929,1985
20,100+,360,1731,1985
0,0-4,57613414,54057124,1986
1,5-9,50162623,47232016,1986
2,10-14,62259761,58674722,1986
3,15-19,67623066,64792170,1986
4,20-24,57665816,54788366,1986
5,25-29,45969773,43459945,1986
6,30-34,47285125,44821087,1986
7,35-39,35688179,33870137,1986
8,40-44,27022866,24500222,1986
9,45-49,25192180,22115092,1986
10,50-54,23274402,20813944,1986
11,55-59,19598115,17516006,1986
12,60-64,15312326,14670564,1986
13,65-69,12429223,12658909,1986
14,70-74,8258531,9474166,1986
15,75-79,4177848,5747346,1986
16,80-84,1694539,2854977,1986
17,85-89,473571,942661,1986
18,90-94,87162,198835,1986
19,95-99,9754,25247,1986
20,100+,414,1881,1986
0,0-4,61612614,57725157,1987
1,5-9,49637828,46741747,1987
2,10-14,59403881,55936164,1987
3,15-19,67752385,64711874,1987
4,20-24,60361949,57571983,1987
5,25-29,47555086,44943095,1987
6,30-34,46694543,44244036,1987
7,35-39,38861573,36936947,1987
8,40-44,27876010,25610565,1987
9,45-49,25189068,22171733,1987
10,50-54,23656565,21086330,1987
11,55-59,20175929,18108211,1987
12,60-64,15781765,14903179,1987
13,65-69,12519065,12730909,1987
14,70-74,8672475,9759781,1987
15,75-79,4440882,6000224,1987
16,80-84,1787257,2977583,1987
17,85-89,533193,1052662,1987
18,90-94,98529,222084,1987
19,95-99,13943,34174,1987
20,100+,471,2025,1987
0,0-4,65363944,61144869,1988
1,5-9,50205422,47273166,1988
2,10-14,56292912,53007733,1988
3,15-19,67231218,63944733,1988
4,20-24,62927852,60245425,1988
5,25-29,49736254,47007417,1988
6,30-34,45540875,43134514,1988
7,35-39,42142948,40048481,1988
8,40-44,29016121,27008090,1988
9,45-49,25218970,22303501,1988
10,50-54,23996223,21291724,1988
11,55-59,20758311,18740681,1988
12,60-64,16344260,15207936,1988
13,65-69,12602515,12805695,1988
14,70-74,9099837,10054560,1988
15,75-79,4705565,6263995,1988
16,80-84,1858211,3085513,1988
17,85-89,572839,1130518,1988
18,90-94,108569,241874,1988
19,95-99,17081,41169,1988
20,100+,533,2180,1988
0,0-4,67968967,63446814,1989
1,5-9,51602143,48577048,1989
2,10-14,53479613,50379713,1989
3,15-19,66074761,62602996,1989
4,20-24,65045863,62425515,1989
5,25-29,52201844,49391460,1989
6,30-34,44726124,42349304,1989
7,35-39,44785490,42536005,1989
8,40-44,30603293,28792009,1989
9,45-49,25423772,22649519,1989
10,50-54,24265433,21452489,1989
11,55-59,21322985,19330467,1989
12,60-64,16952950,15600916,1989
13,65-69,12779253,12935027,1989
14,70-74,9490277,10336563,1989
15,75-79,4979441,6536725,1989
16,80-84,1926065,3199856,1989
17,85-89,586892,1176590,1989
18,90-94,111498,250136,1989
19,95-99,16914,41694,1989
20,100+,600,2369,1989
0,0-4,68872194,64094588,1990
1,5-9,53316561,50169756,1990
2,10-14,51489006,48525604,1990
3,15-19,64345914,60807019,1990
4,20-24,66518943,63877295,1990
5,25-29,54736019,51907908,1990
6,30-34,44821763,42432932,1990
7,35-39,46359500,44018789,1990
8,40-44,32707193,30995258,1990
9,45-49,25902876,23303843,1990
10,50-54,24462060,21598087,1990
11,55-59,21855872,19828966,1990
12,60-64,17583763,16091508,1990
13,65-69,13105870,13151297,1990
14,70-74,9816398,10593783,1990
15,75-79,5277930,6823984,1990
16,80-84,2004682,3334716,1990
17,85-89,571309,1193395,1990
18,90-94,99362,240716,1990
19,95-99,11588,32154,1990
20,100+,672,2608,1990
0,0-4,70542115,65398064,1991
1,5-9,55286430,51959459,1991
2,10-14,50151902,47269611,1991
3,15-19,61781288,58273372,1991
4,20-24,67061359,64314175,1991
5,25-29,57121228,54330176,1991
6,30-34,45487921,43054238,1991
7,35-39,46712472,44346363,1991
8,40-44,35142174,33441110,1991
9,45-49,26464158,24095766,1991
10,50-54,24413639,21595928,1991
11,55-59,22138966,20082759,1991
12,60-64,18009946,16504464,1991
13,65-69,13313109,13257267,1991
14,70-74,9864824,10653462,1991
15,75-79,5595579,7058351,1991
16,80-84,2211848,3535579,1991
17,85-89,642231,1311633,1991
18,90-94,121864,296327,1991
19,95-99,14069,38408,1991
20,100+,747,2895,1991
0,0-4,67901084,62584410,1992
1,5-9,58371813,54776159,1992
2,10-14,49795738,46941563,1992
3,15-19,58894392,55509938,1992
4,20-24,67244957,64295179,1992
5,25-29,59842190,57146046,1992
6,30-34,47095859,44568952,1992
7,35-39,46160421,43818749,1992
8,40-44,38305950,36508872,1992
9,45-49,27318997,25210709,1992
10,50-54,24418410,21672151,1992
11,55-59,22502718,20357758,1992
12,60-64,18546578,17085747,1992
13,65-69,13697420,13482828,1992
14,70-74,9876849,10726877,1992
15,75-79,5924733,7325034,1992
16,80-84,2406033,3739355,1992
17,85-89,695540,1401345,1992
18,90-94,143742,344110,1992
19,95-99,18596,49361,1992
20,100+,830,3250,1992
0,0-4,62527829,57171501,1993
1,5-9,62240090,58302776,1993
2,10-14,50200832,47327877,1993
3,15-19,55917303,52714467,1993
4,20-24,66896221,63705992,1993
5,25-29,62547011,59966982,1993
6,30-34,49382476,46747410,1993
7,35-39,45135190,42842617,1993
8,40-44,41652359,39702091,1993
9,45-49,28513017,26662548,1993
10,50-54,24510032,21864452,1993
11,55-59,22877190,20617794,1993
12,60-64,19133841,17741758,1993
13,65-69,14203928,13807960,1993
14,70-74,9912213,10828973,1993
15,75-79,6221839,7599662,1993
16,80-84,2577358,3939258,1993
17,85-89,734478,1462039,1993
18,90-94,160833,381509,1993
19,95-99,22175,58600,1993
20,100+,921,3657,1993
0,0-4,56947053,51596932,1994
1,5-9,65939926,61641783,1994
2,10-14,51259303,48317380,1994
3,15-19,53258917,50233810,1994
4,20-24,65809330,62437434,1994
5,25-29,64719746,62211400,1994
6,30-34,51884888,49177900,1994
7,35-39,44379956,42118810,1994
8,40-44,44311316,42226404,1994
9,45-49,30115749,28464687,1994
10,50-54,24746698,22235821,1994
11,55-59,23161571,20812727,1994
12,60-64,19685784,18333860,1994
13,65-69,14751907,14205495,1994
14,70-74,10032076,10972641,1994
15,75-79,6429448,7837424,1994
16,80-84,2720753,4124425,1994
17,85-89,764373,1507380,1994
18,90-94,163441,394379,1994
19,95-99,21909,60088,1994
20,100+,1014,4086,1994
0,0-4,52950487,47584433,1995
1,5-9,68195956,63594495,1995
2,10-14,53099620,50022703,1995
3,15-19,51260474,48364665,1995
4,20-24,63959915,60522795,1995
5,25-29,66056380,63533613,1995
6,30-34,54300413,51584925,1995
7,35-39,44398559,42127194,1995
8,40-44,45779667,43621615,1995
9,45-49,32142267,30596097,1995
10,50-54,25186686,22844000,1995
11,55-59,23318159,20933188,1995
12,60-64,20157378,18787101,1995
13,65-69,15297697,14660518,1995
14,70-74,10265854,11167962,1995
15,75-79,6539322,8021081,1995
16,80-84,2837669,4295319,1995
17,85-89,781806,1545173,1995
18,90-94,142279,373665,1995
19,95-99,15170,48610,1995
20,100+,1107,4522,1995
0,0-4,46296911,40970856,1996
1,5-9,68959698,64088028,1996
2,10-14,56197360,52893087,1996
3,15-19,50315992,47492503,1996
4,20-24,61954322,58533992,1996
5,25-29,67181416,64553766,1996
6,30-34,57165485,54488142,1996
7,35-39,45455972,43134555,1996
8,40-44,46529148,44341164,1996
9,45-49,34831472,33313139,1996
10,50-54,25950589,23838063,1996
11,55-59,23475718,21112400,1996
12,60-64,20596863,19198673,1996
13,65-69,15800441,15186211,1996
14,70-74,10559135,11379616,1996
15,75-79,6682676,8163406,1996
16,80-84,3106754,4542912,1996
17,85-89,917490,1728507,1996
18,90-94,171738,440443,1996
19,95-99,19706,61618,1996
20,100+,1211,5000,1996
0,0-4,44189481,38848896,1997
1,5-9,67004679,61950526,1997
2,10-14,59875176,56280095,1997
3,15-19,49763563,46980807,1997
4,20-24,59008065,55712310,1997
5,25-29,67306691,64481872,1997
6,30-34,59837726,57268621,1997
7,35-39,47022210,44616214,1997
8,40-44,45940138,43774026,1997
9,45-49,37936918,36344666,1997
10,50-54,26760740,24924995,1997
11,55-59,23462786,21166262,1997
12,60-64,20932408,19451728,1997
13,65-69,16265095,15726112,1997
14,70-74,10870420,11583216,1997
15,75-79,6711739,8227166,1997
16,80-84,3332229,4747355,1997
17,85-89,1023399,1867874,1997
18,90-94,196995,486797,1997
19,95-99,27363,81869,1997
20,100+,1315,5473,1997
0,0-4,45232654,39829315,1998
1,5-9,62584972,57435004,1998
2,10-14,63757211,59830615,1998
3,15-19,49853099,47062386,1998
4,20-24,55719280,52609592,1998
5,25-29,66594789,63535924,1998
6,30-34,62204835,59764894,1998
7,35-39,49038783,46538433,1998
8,40-44,44681958,42561831,1998
9,45-49,41037367,39311409,1998
10,50-54,27781691,26218935,1998
11,55-59,23429127,21242400,1998
12,60-64,21193757,19603634,1998
13,65-69,16718720,16261767,1998
14,70-74,11216535,11824281,1998
15,75-79,6702436,8273706,1998
16,80-84,3489701,4911381,1998
17,85-89,1095897,1956722,1998
18,90-94,219057,520018,1998
19,95-99,33299,97536,1998
20,100+,1422,5976,1998
0,0-4,46811134,41326878,1999
1,5-9,57094277,51895904,1999
2,10-14,66830446,62577739,1999
3,15-19,50879940,48012650,1999
4,20-24,52898312,49961102,1999
5,25-29,65304064,62061671,1999
6,30-34,64161934,61796169,1999
7,35-39,51362704,48797052,1999
8,40-44,43803735,41707984,1999
9,45-49,43530876,41677517,1999
10,50-54,29265036,27905342,1999
11,55-59,23592046,21549171,1999
12,60-64,21425164,19740091,1999
13,65-69,17195710,16775068,1999
14,70-74,11621321,12165082,1999
15,75-79,6747216,8375142,1999
16,80-84,3563957,5037990,1999
17,85-89,1145402,2017887,1999
18,90-94,228358,531239,1999
19,95-99,33564,99855,1999
20,100+,1543,6561,1999
0,0-4,47124480,41568117,2000
1,5-9,52529087,47273938,2000
2,10-14,67972329,63443077,2000
3,15-19,52908190,49887010,2000
4,20-24,50992051,48167365,2000
5,25-29,63568363,60244382,2000
6,30-34,65592255,63202883,2000
7,35-39,53845215,51265265,2000
8,40-44,43903890,41786171,2000
9,45-49,45058543,43122864,2000
10,50-54,31312992,30052659,2000
11,55-59,24071552,22197439,2000
12,60-64,21644604,19905628,2000
13,65-69,17699639,17246936,2000
14,70-74,12096530,12628008,2000
15,75-79,6892664,8565201,2000
16,80-84,3564130,5136797,2000
17,85-89,1168239,2062956,2000
18,90-94,216421,516597,2000
19,95-99,24899,82453,2000
20,100+,1683,7263,2000
0,0-4,48889934,43295496,2001
1,5-9,49365101,44046101,2001
2,10-14,66860425,62121134,2001
3,15-19,55634590,52402660,2001
4,20-24,49634510,46895957,2001
5,25-29,61063276,57772446,2001
6,30-34,66158852,63682441,2001
7,35-39,56217682,53698602,2001
8,40-44,44593435,42432435,2001
9,45-49,45430388,43463280,2001
10,50-54,33699313,32455798,2001
11,55-59,24643948,22970384,2001
12,60-64,21635241,19909745,2001
13,65-69,17971886,17457915,2001
14,70-74,12455752,12970691,2001
15,75-79,7134153,8685509,2001
16,80-84,3674183,5229171,2001
17,85-89,1320564,2247517,2001
18,90-94,267409,604995,2001
19,95-99,30862,96051,2001
20,100+,1838,8077,2001
0,0-4,48681088,43015470,2002
1,5-9,47477552,42104373,2002
2,10-14,63985790,59082351,2002
3,15-19,59559156,56032504,2002
4,20-24,49073661,46379389,2002
5,25-29,58143663,54977592,2002
6,30-34,66274091,63612227,2002
7,35-39,58838491,56442001,2002
8,40-44,46133945,43894005,2002
9,45-49,44863699,42907360,2002
10,50-54,36749280,35424766,2002
11,55-59,25461328,24021469,2002
12,60-64,21656926,19970965,2002
13,65-69,18310284,17688606,2002
14,70-74,12882919,13433438,2002
15,75-79,7405735,8854383,2002
16,80-84,3729990,5288051,2002
17,85-89,1449193,2397581,2002
18,90-94,308752,669622,2002
19,95-99,41182,118318,2002
20,100+,2017,9042,2002
0,0-4,47024075,41270142,2003
1,5-9,46894481,41476951,2003
2,10-14,59857650,54826624,2003
3,15-19,63761127,59892760,2003
4,20-24,49361332,46658244,2003
5,25-29,55127284,52139309,2003
6,30-34,65855152,62964191,2003
7,35-39,61432503,59176925,2003
8,40-44,48323059,45996986,2003
9,45-49,43842620,41916770,2003
10,50-54,39971389,38508168,2003
11,55-59,26600426,25394540,2003
12,60-64,21771431,20151467,2003
13,65-69,18684610,17930213,2003
14,70-74,13368670,13964052,2003
15,75-79,7695301,9085651,2003
16,80-84,3761311,5342044,2003
17,85-89,1530336,2489492,2003
18,90-94,341182,717069,2003
19,95-99,49517,136139,2003
20,100+,2223,10106,2003
0,0-4,45317964,39464821,2004
1,5-9,47013929,41562855,2004
2,10-14,55634496,50500117,2004
3,15-19,66766299,62570995,2004
4,20-24,50520697,47743547,2004
5,25-29,52479011,49660315,2004
6,30-34,64770386,61700129,2004
7,35-39,63560712,61394813,2004
8,40-44,50765865,48390779,2004
9,45-49,43135089,41224040,2004
10,50-54,42567347,40972877,2004
11,55-59,28165727,27138277,2004
12,60-64,22060890,20534806,2004
13,65-69,19027076,18152681,2004
14,70-74,13866501,14472620,2004
15,75-79,7993652,9386723,2004
16,80-84,3797809,5411498,2004
17,85-89,1552416,2522730,2004
18,90-94,350424,732255,2004
19,95-99,50121,137724,2004
20,100+,2445,11181,2004
0,0-4,44543000,38582614,2005
1,5-9,46839404,41359081,2005
2,10-14,52376718,47158082,2005
3,15-19,67692585,63226933,2005
4,20-24,52514052,49592564,2005
5,25-29,50550037,47851059,2005
6,30-34,63015648,59874755,2005
7,35-39,64954638,62786771,2005
8,40-44,53199554,50836825,2005
9,45-49,43240775,41311510,2005
10,50-54,44074906,42397299,2005
11,55-59,30194099,29254430,2005
12,60-64,22589089,21184996,2005
13,65-69,19307104,18350002,2005
14,70-74,14347328,14911884,2005
15,75-79,8315499,9762460,2005
16,80-84,3853488,5510687,2005
17,85-89,1509372,2502904,2005
18,90-94,327890,710275,2005
19,95-99,38032,113131,2005
20,100+,2682,12218,2005
0,0-4,44024914,37905032,2006
1,5-9,46320372,40778782,2006
2,10-14,50104136,44812170,2006
3,15-19,66758255,62066622,2006
4,20-24,55442623,52297253,2006
5,25-29,49378936,46753526,2006
6,30-34,60744354,57620257,2006
7,35-39,65752471,63489836,2006
8,40-44,55747386,53444240,2006
9,45-49,44076192,42109080,2006
10,50-54,44572429,42884810,2006
11,55-59,32607278,31715624,2006
12,60-64,23195812,22012329,2006
13,65-69,19338325,18412492,2006
14,70-74,14621025,15146209,2006
15,75-79,8697637,10121815,2006
16,80-84,4085490,5695604,2006
17,85-89,1608572,2644580,2006
18,90-94,402022,822912,2006
19,95-99,47679,133391,2006
20,100+,2941,13229,2006
0,0-4,44045189,37780063,2007
1,5-9,45780804,40162400,2007
2,10-14,48687706,43345439,2007
3,15-19,63727201,58865072,2007
4,20-24,59392096,55946721,2007
5,25-29,48832563,46246257,2007
6,30-34,57848795,54839387,2007
7,35-39,65887232,63434017,2007
8,40-44,58372028,56193301,2007
9,45-49,45612728,43574572,2007
10,50-54,44017818,42351834,2007
11,55-59,35583816,34646241,2007
12,60-64,23966061,23040580,2007
13,65-69,19346691,18477376,2007
14,70-74,14899363,15358630,2007
15,75-79,9057039,10522298,2007
16,80-84,4286161,5860225,2007
17,85-89,1663040,2733872,2007
18,90-94,459858,900762,2007
19,95-99,64065,167114,2007
20,100+,3224,14251,2007
0,0-4,44566659,38180282,2008
1,5-9,45201653,39490185,2008
2,10-14,47927807,42552312,2008
3,15-19,59428849,54443271,2008
4,20-24,63470641,59688011,2008
5,25-29,49023329,46428804,2008
6,30-34,54732593,51896873,2008
7,35-39,65345392,62662519,2008
8,40-44,60837759,58805499,2008
9,45-49,47687007,45573666,2008
10,50-54,42939232,41304217,2008
11,55-59,38652787,37615712,2008
12,60-64,24994982,24328692,2008
13,65-69,19419439,18628839,2008
14,70-74,15191762,15564601,2008
15,75-79,9379642,10934983,2008
16,80-84,4452865,6027252,2008
17,85-89,1684012,2775202,2008
18,90-94,494208,948329,2008
19,95-99,76858,193819,2008
20,100+,3542,15394,2008
0,0-4,45158962,38693389,2009
1,5-9,44678571,38864036,2009
2,10-14,47378448,41971440,2009
3,15-19,55272421,50190154,2009
4,20-24,66356075,62256064,2009
5,25-29,50099398,47433536,2009
6,30-34,52013362,49344466,2009
7,35-39,64168603,61308786,2009
8,40-44,62855123,60920572,2009
9,45-49,50026461,47874555,2009
10,50-54,42203076,40577005,2009
11,55-59,41120853,39989716,2009
12,60-64,26453885,25989676,2009
13,65-69,19686804,18997973,2009
14,70-74,15478425,15775576,2009
15,75-79,9663818,11323034,2009
16,80-84,4595694,6225926,2009
17,85-89,1689756,2795977,2009
18,90-94,489142,953192,2009
19,95-99,77524,197208,2009
20,100+,3911,16817,2009
0,0-4,45565774,39073481,2010
1,5-9,44357884,38444848,2010
2,10-14,46714332,41263155,2010
3,15-19,52140173,46974733,2010
4,20-24,67253626,62891111,2010
5,25-29,52072594,49265227,2010
6,30-34,50086834,47534857,2010
7,35-39,62418022,59488495,2010
8,40-44,64228982,62300888,2010
9,45-49,52430521,50298020,2010
10,50-54,42333000,40681210,2010
11,55-59,42590052,41401388,2010
12,60-64,28415407,28062025,2010
13,65-69,20224519,19662485,2010
14,70-74,15743094,15998440,2010
15,75-79,9933028,11674464,2010
16,80-84,4726673,6473183,2010
17,85-89,1680158,2813646,2010
18,90-94,435711,911081,2010
19,95-99,59289,165210,2010
20,100+,4346,18638,2010
0,0-4,46105573,39561974,2011
1,5-9,44291269,38270223,2011
2,10-14,46038234,40520394,2011
3,15-19,49851344,44609458,2011
4,20-24,66286274,61696029,2011
5,25-29,54956452,51926022,2011
6,30-34,48896237,46407316,2011
7,35-39,60125561,57201638,2011
8,40-44,64970371,62954207,2011
9,45-49,54887944,52847522,2011
10,50-54,43111682,41448175,2011
11,55-59,42973882,41825099,2011
12,60-64,30641029,30406640,2011
13,65-69,20733515,20422440,2011
14,70-74,15766638,16069847,2011
15,75-79,10248574,11924858,2011
16,80-84,5037301,6816389,2011
17,85-89,1842063,3012849,2011
18,90-94,498173,1020120,2011
19,95-99,73026,195569,2011
20,100+,4846,20876,2011
0,0-4,46416760,39946907,2012
1,5-9,44413913,38269418,2012
2,10-14,45412632,39814700,2012
3,15-19,48470764,43173244,2012
4,20-24,63287168,58514124,2012
5,25-29,58899621,55567842,2012
6,30-34,48367782,45906077,2012
7,35-39,57269145,54440137,2012
8,40-44,65119392,62907040,2012
9,45-49,57479915,55583005,2012
10,50-54,44617814,42908214,2012
11,55-59,42409898,41303991,2012
12,60-64,33448924,33246862,2012
13,65-69,21397833,21383286,2012
14,70-74,15765016,16149143,2012
15,75-79,10544857,12162532,2012
16,80-84,5309074,7168840,2012
17,85-89,1966176,3170290,2012
18,90-94,539363,1089038,2012
19,95-99,95172,241559,2012
20,100+,5412,23528,2012
0,0-4,46513426,40203923,2013
1,5-9,44704119,38428335,2013
2,10-14,44859066,39172307,2013
3,15-19,47757367,42417498,2013
4,20-24,59064779,54148012,2013
5,25-29,63015582,59341749,2013
6,30-34,48605353,46123731,2013
7,35-39,54234310,51554680,2013
8,40-44,64651157,62194383,2013
9,45-49,59971775,58226423,2013
10,50-54,46684168,44924192,2013
11,55-59,41409393,40331277,2013
12,60-64,36383867,36161455,2013
13,65-69,22319217,22609852,2013
14,70-74,15842605,16322781,2013
15,75-79,10803661,12398307,2013
16,80-84,5530126,7511678,2013
17,85-89,2051348,3291394,2013
18,90-94,563435,1133918,2013
19,95-99,111808,278180,2013
20,100+,6053,26645,2013
0,0-4,46500753,40381682,2014
1,5-9,45082900,38691030,2014
2,10-14,44454445,38671563,2014
3,15-19,47219427,41837731,2014
4,20-24,54968650,49934266,2014
5,25-29,65942807,61943546,2014
6,30-34,49720596,47157977,2014
7,35-39,51587093,49051008,2014
8,40-44,63551096,60897239,2014
9,45-49,62029741,60375860,2014
10,50-54,49017464,47239559,2014
11,55-59,40770221,39687594,2014
12,60-64,38754673,38504726,2014
13,65-69,23664170,24208762,2014
14,70-74,16106528,16704411,2014
15,75-79,10994469,12625678,2014
16,80-84,5695760,7815789,2014
17,85-89,2111808,3411203,2014
18,90-94,558252,1147908,2014
19,95-99,111731,286795,2014
20,100+,6781,30274,2014
0,0-4,46437638,40500636,2015
1,5-9,45436987,38976431,2015
2,10-14,44264668,38373649,2015
3,15-19,46554380,41121099,2015
4,20-24,51864604,46729764,2015
5,25-29,66864149,62590787,2015
6,30-34,51711405,48999501,2015
7,35-39,49705968,47266940,2015
8,40-44,61857540,59110474,2015
9,45-49,63435589,61773461,2015
10,50-54,51414420,49666375,2015
11,55-59,40972684,39852704,2015
12,60-64,40173473,39907887,2015
13,65-69,25506514,26217514,2015
14,70-74,16608421,17360441,2015
15,75-79,11127053,12847147,2015
16,80-84,5816694,8076861,2015
17,85-89,2143736,3544586,2015
18,90-94,518058,1134237,2015
19,95-99,86423,254931,2015
20,100+,7600,34437,2015
0,0-4,46284093,40612274,2016
1,5-9,45756632,39282531,2016
2,10-14,44268616,38248996,2016
3,15-19,45883566,40385130,2016
4,20-24,49602593,44389149,2016
5,25-29,65923191,61416265,2016
6,30-34,54604901,51669659,2016
7,35-39,48542732,46159554,2016
8,40-44,59608805,56856133,2016
9,45-49,64191544,62444013,2016
10,50-54,53852396,52205175,2016
11,55-59,41772821,40635612,2016
12,60-64,40523733,40315463,2016
13,65-69,27595823,28464319,2016
14,70-74,17125109,18101453,2016
15,75-79,11294880,12988185,2016
16,80-84,6134167,8358383,2016
17,85-89,2370921,3862053,2016
18,90-94,608023,1276347,2016
19,95-99,99338,287043,2016
20,100+,8529,39203,2016
0,0-4,46006642,40530138,2017
1,5-9,46027934,39615335,2017
2,10-14,44435788,38278251,2017
3,15-19,45245050,39674872,2017
4,20-24,48231103,42967472,2017
5,25-29,62942093,58251998,2017
6,30-34,58543718,55315637,2017
7,35-39,48027411,45671653,2017
8,40-44,56789269,54123804,2017
9,45-49,64358378,62418862,2017
10,50-54,56426920,54934192,2017
11,55-59,43269336,42094769,2017
12,60-64,40005282,39829614,2017
13,65-69,30227615,31195916,2017
14,70-74,17726374,19004199,2017
15,75-79,11413408,13121629,2017
16,80-84,6421818,8621044,2017
17,85-89,2556401,4152318,2017
18,90-94,677292,1379322,2017
19,95-99,120988,333852,2017
20,100+,9560,44537,2017
0,0-4,45618709,40292964,2018
1,5-9,46220512,39943566,2018
2,10-14,44718792,38426066,2018
3,15-19,44682603,39029878,2018
4,20-24,47509883,42211552,2018
5,25-29,58727727,53894659,2018
6,30-34,62640869,59083413,2018
7,35-39,48264226,45892206,2018
8,40-44,53781444,51258326,2018
9,45-49,63910330,61725191,2018
10,50-54,58900831,57569816,2018
11,55-59,45296934,44090425,2018
12,60-64,39115103,38929869,2018
13,65-69,32970472,34001830,2018
14,70-74,18538987,20140683,2018
15,75-79,11554656,13329825,2018
16,80-84,6656302,8871835,2018
17,85-89,2690359,4388711,2018
18,90-94,729890,1465660,2018
19,95-99,138507,373275,2018
20,100+,10647,50256,2018
0,0-4,45106267,39934767,2019
1,5-9,46319087,40225712,2019
2,10-14,45044032,38648113,2019
3,15-19,44286173,38535391,2019
4,20-24,46956410,41620012,2019
5,25-29,54633535,49681080,2019
6,30-34,65544747,61670474,2019
7,35-39,49370823,46920301,2019
8,40-44,51155493,48766184,2019
9,45-49,62836913,60442592,2019
10,50-54,60946291,59710325,2019
11,55-59,47588180,46379016,2019
12,60-64,38607054,38368062,2019
13,65-69,35185041,36260434,2019
14,70-74,19746314,21631501,2019
15,75-79,11801212,13715744,2019
16,80-84,6808650,9097473,2019
17,85-89,2787103,4583542,2019
18,90-94,748881,1525990,2019
19,95-99,140322,386612,2019
20,100+,11731,56108,2019
0,0-4,44456332,39476105,2020
1,5-9,46320144,40415039,2020
2,10-14,45349923,38912828,2020
3,15-19,44103122,38238737,2020
4,20-24,46273865,40884302,2020
5,25-29,51522843,46466160,2020
6,30-34,66443228,62295742,2020
7,35-39,51345507,48745948,2020
8,40-44,49289359,46984787,2020
9,45-49,61173349,58664268,2020
10,50-54,62348020,61097362,2020
11,55-59,49958045,48782446,2020
12,60-64,38917285,38596854,2020
13,65-69,36526788,37622978,2020
14,70-74,21425163,23524526,2020
15,75-79,12207276,14337340,2020
16,80-84,6883629,9297788,2020
17,85-89,2843084,4738693,2020
18,90-94,731228,1573796,2020
19,95-99,116377,358816,2020
20,100+,12773,61919,2020
