,china_tariffs
0,010121
1,010129
2,010130
3,010190
4,010221
5,010229
6,010231
7,010239
8,010290
9,010310
10,010391
11,010392
12,010410
13,010420
14,010511
15,010512
16,010513
17,010514
18,010515
19,010594
20,010599
21,010611
22,010612
23,010613
24,010614
25,010619
26,010620
27,010631
28,010632
29,010633
30,010639
31,010641
32,010649
33,010690
34,020110
35,020120
36,020130
37,020210
38,020220
39,020230
40,020311
41,020312
42,020319
43,020321
44,020322
45,020329
46,020410
47,020421
48,020422
49,020423
50,020430
51,020441
52,020442
53,020443
54,020450
55,020500
56,020610
57,020621
58,020622
59,020629
60,020630
61,020641
62,020649
63,020680
64,020690
65,020711
66,020712
67,020713
68,020714
69,020724
70,020725
71,020726
72,020727
73,020741
74,020742
75,020743
76,020744
77,020745
78,020751
79,020752
80,020753
81,020754
82,020755
83,020760
84,020810
85,020830
86,020840
87,020850
88,020860
89,020890
90,020910
91,020990
92,021011
93,021012
94,021019
95,021020
96,021091
97,021092
98,021093
99,021099
100,030111
101,030119
102,030191
103,030192
104,030193
105,030194
106,030195
107,030199
108,030211
109,030213
110,030214
111,030219
112,030221
113,030222
114,030223
115,030224
116,030229
117,030231
118,030232
119,030233
120,030234
121,030235
122,030236
123,030239
124,030241
125,030242
126,030243
127,030244
128,030245
129,030246
130,030247
131,030249
132,030251
133,030252
134,030253
135,030254
136,030255
137,030256
138,030259
139,030271
140,030272
141,030273
142,030274
143,030279
144,030281
145,030282
146,030283
147,030284
148,030285
149,030289
150,030291
151,030292
152,030299
153,030311
154,030312
155,030313
156,030314
157,030319
158,030323
159,030324
160,030325
161,030326
162,030329
163,030331
164,030332
165,030333
166,030334
167,030339
168,030341
169,030342
170,030343
171,030344
172,030345
173,030346
174,030349
175,030351
176,030353
177,030354
178,030355
179,030356
180,030357
181,030359
182,030363
183,030364
184,030365
185,030366
186,030367
187,030368
188,030381
189,030382
190,030383
191,030384
192,030389
193,030391
194,030392
195,030399
196,030431
197,030432
198,030433
199,030439
200,030441
201,030442
202,030443
203,030444
204,030445
205,030446
206,030447
207,030448
208,030449
209,030451
210,030452
211,030453
212,030454
213,030455
214,030456
215,030457
216,030459
217,030461
218,030462
219,030463
220,030469
221,030472
222,030473
223,030474
224,030475
225,030479
226,030482
227,030483
228,030484
229,030485
230,030486
231,030487
232,030488
233,030489
234,030491
235,030492
236,030493
237,030494
238,030495
239,030496
240,030497
241,030499
242,030510
243,030520
244,030531
245,030532
246,030539
247,030541
248,030542
249,030543
250,030544
251,030549
252,030551
253,030552
254,030553
255,030554
256,030559
257,030561
258,030562
259,030563
260,030564
261,030569
262,030571
263,030572
264,030579
265,030611
266,030612
267,030614
268,030615
269,030616
270,030617
271,030619
272,030631
273,030632
274,030633
275,030634
276,030635
277,030636
278,030639
279,030691
280,030692
281,030693
282,030694
283,030695
284,030699
285,030711
286,030712
287,030719
288,030721
289,030722
290,030729
291,030731
292,030732
293,030739
294,030742
295,030743
296,030749
297,030751
298,030752
299,030759
300,030760
301,030771
302,030772
303,030779
304,030781
305,030782
306,030783
307,030784
308,030787
309,030788
310,030791
311,030792
312,030799
313,030811
314,030812
315,030819
316,030821
317,030822
318,030829
319,030830
320,030890
321,040110
322,040120
323,040140
324,040150
325,040210
326,040221
327,040229
328,040291
329,040299
330,040310
331,040390
332,040410
333,040490
334,040510
335,040520
336,040590
337,040610
338,040620
339,040630
340,040640
341,040690
342,040711
343,040719
344,040721
345,040729
346,040790
347,040811
348,040819
349,040891
350,040899
351,040900
352,041000
353,050100
354,050210
355,050290
356,050400
357,050510
358,050590
359,050610
360,050690
361,050710
362,050790
363,050800
364,051000
365,051110
366,051191
367,051199
368,060110
369,060120
370,060210
371,060220
372,060230
373,060240
374,060290
375,060311
376,060312
377,060313
378,060314
379,060315
380,060319
381,060390
382,060420
383,060490
384,070110
385,070190
386,070200
387,070310
388,070320
389,070390
390,070410
391,070420
392,070490
393,070511
394,070519
395,070521
396,070529
397,070610
398,070690
399,070700
400,070810
401,070820
402,070890
403,070920
404,070930
405,070940
406,070951
407,070959
408,070960
409,070970
410,070991
411,070992
412,070993
413,070999
414,071010
415,071021
416,071022
417,071029
418,071030
419,071040
420,071080
421,071090
422,071120
423,071140
424,071151
425,071159
426,071190
427,071220
428,071231
429,071232
430,071233
431,071239
432,071290
433,071310
434,071320
435,071331
436,071332
437,071333
438,071334
439,071335
440,071339
441,071340
442,071350
443,071360
444,071390
445,071410
446,071420
447,071430
448,071440
449,071450
450,071490
451,080111
452,080112
453,080119
454,080121
455,080122
456,080131
457,080132
458,080211
459,080212
460,080221
461,080222
462,080231
463,080232
464,080241
465,080242
466,080251
467,080252
468,080261
469,080262
470,080270
471,080280
472,080290
473,080310
474,080390
475,080410
476,080420
477,080430
478,080440
479,080450
480,080510
481,080521
482,080522
483,080529
484,080540
485,080550
486,080590
487,080610
488,080620
489,080711
490,080719
491,080720
492,080810
493,080830
494,080840
495,080910
496,080921
497,080929
498,080930
499,080940
500,081010
501,081020
502,081030
503,081040
504,081050
505,081060
506,081070
507,081090
508,081110
509,081120
510,081190
511,081210
512,081290
513,081310
514,081320
515,081330
516,081340
517,081350
518,081400
519,090111
520,090112
521,090121
522,090122
523,090190
524,090210
525,090220
526,090230
527,090240
528,090300
529,090411
530,090412
531,090421
532,090422
533,090510
534,090520
535,090611
536,090619
537,090620
538,090710
539,090720
540,090811
541,090812
542,090821
543,090822
544,090831
545,090832
546,090921
547,090922
548,090931
549,090932
550,090961
551,090962
552,091011
553,091012
554,091020
555,091030
556,091091
557,091099
558,100111
559,100119
560,100191
561,100199
562,100210
563,100290
564,100310
565,100390
566,100410
567,100490
568,100510
569,100590
570,100610
571,100620
572,100630
573,100640
574,100710
575,100790
576,100810
577,100821
578,100829
579,100830
580,100840
581,100850
582,100860
583,100890
584,110100
585,110220
586,110290
587,110311
588,110313
589,110319
590,110320
591,110412
592,110419
593,110422
594,110423
595,110429
596,110430
597,110510
598,110520
599,110610
600,110620
601,110630
602,110710
603,110720
604,110811
605,110812
606,110813
607,110814
608,110819
609,110820
610,110900
611,120110
612,120190
613,120230
614,120241
615,120242
616,120300
617,120400
618,120510
619,120590
620,120600
621,120710
622,120721
623,120729
624,120730
625,120740
626,120750
627,120760
628,120770
629,120791
630,120799
631,120810
632,120890
633,120910
634,120921
635,120922
636,120923
637,120924
638,120925
639,120929
640,120930
641,120991
642,120999
643,121010
644,121020
645,121120
646,121130
647,121140
648,121150
649,121190
650,121221
651,121229
652,121291
653,121292
654,121293
655,121294
656,121299
657,121300
658,121410
659,121490
660,130120
661,130190
662,130211
663,130212
664,130213
665,130214
666,130219
667,130220
668,130231
669,130232
670,130239
671,140110
672,140120
673,140190
674,140420
675,140490
676,150110
677,150120
678,150190
679,150210
680,150290
681,150300
682,150410
683,150420
684,150430
685,150500
686,150600
687,150710
688,150790
689,150810
690,150890
691,150910
692,150990
693,151000
694,151110
695,151190
696,151211
697,151219
698,151221
699,151229
700,151311
701,151319
702,151321
703,151329
704,151411
705,151419
706,151491
707,151499
708,151511
709,151519
710,151521
711,151529
712,151530
713,151550
714,151590
715,151610
716,151620
717,151710
718,151790
719,151800
720,152000
721,152110
722,152190
723,152200
724,160100
725,160210
726,160220
727,160231
728,160232
729,160239
730,160241
731,160242
732,160249
733,160250
734,160290
735,160300
736,160411
737,160412
738,160413
739,160414
740,160415
741,160416
742,160417
743,160418
744,160419
745,160420
746,160431
747,160432
748,160510
749,160521
750,160529
751,160530
752,160540
753,160551
754,160552
755,160553
756,160554
757,160555
758,160556
759,160557
760,160558
761,160559
762,160561
763,160562
764,160563
765,160569
766,170112
767,170113
768,170114
769,170191
770,170199
771,170211
772,170219
773,170220
774,170230
775,170240
776,170250
777,170260
778,170290
779,170310
780,170390
781,170410
782,170490
783,180100
784,180200
785,180310
786,180320
787,180400
788,180500
789,180610
790,180620
791,180631
792,180632
793,180690
794,190110
795,190120
796,190190
797,190211
798,190219
799,190220
800,190230
801,190240
802,190300
803,190410
804,190420
805,190430
806,190490
807,190510
808,190520
809,190531
810,190532
811,190540
812,190590
813,200110
814,200190
815,200210
816,200290
817,200310
818,200390
819,200410
820,200490
821,200510
822,200520
823,200540
824,200551
825,200559
826,200560
827,200570
828,200580
829,200591
830,200599
831,200600
832,200710
833,200791
834,200799
835,200811
836,200819
837,200820
838,200830
839,200840
840,200850
841,200860
842,200870
843,200880
844,200891
845,200893
846,200897
847,200899
848,200911
849,200912
850,200919
851,200921
852,200929
853,200931
854,200939
855,200941
856,200949
857,200950
858,200961
859,200969
860,200971
861,200979
862,200981
863,200989
864,200990
865,210111
866,210112
867,210120
868,210130
869,210210
870,210220
871,210230
872,210310
873,210320
874,210330
875,210390
876,210410
877,210420
878,210500
879,210610
880,210690
881,220110
882,220190
883,220210
884,220291
885,220299
886,220300
887,220410
888,220421
889,220422
890,220429
891,220430
892,220510
893,220590
894,220600
895,220710
896,220720
897,220820
898,220830
899,220840
900,220850
901,220860
902,220870
903,220890
904,220900
905,230110
906,230120
907,230210
908,230230
909,230240
910,230250
911,230310
912,230320
913,230330
914,230400
915,230500
916,230610
917,230620
918,230630
919,230641
920,230649
921,230650
922,230660
923,230690
924,230700
925,230800
926,230910
927,230990
928,240110
929,240120
930,240130
931,240210
932,240220
933,240290
934,240311
935,240319
936,240391
937,240399
938,250100
939,250200
940,250300
941,250510
942,250590
943,250610
944,250620
945,250700
946,250810
947,250840
948,250850
949,250860
950,250870
951,250900
952,251010
953,251020
954,251120
955,251200
956,251310
957,251320
958,251400
959,251511
960,251512
961,251520
962,251611
963,251612
964,251620
965,251690
966,251710
967,251720
968,251730
969,251741
970,251749
971,251810
972,251820
973,251830
974,252010
975,252020
976,252100
977,252210
978,252220
979,252230
980,252310
981,252321
982,252329
983,252330
984,252390
985,252410
986,252490
987,252510
988,252520
989,252530
990,252800
991,252910
992,252930
993,253010
994,253020
995,253090
996,260111
997,260112
998,260120
999,260400
1000,260700
1001,261210
1002,261400
1003,261510
1004,261590
1005,261610
1006,261690
1007,261790
1008,261800
1009,261900
1010,262011
1011,262019
1012,262021
1013,262029
1014,262030
1015,262060
1016,262091
1017,262099
1018,262110
1019,262190
1020,270111
1021,270112
1022,270119
1023,270120
1024,270210
1025,270220
1026,270300
1027,270500
1028,270600
1029,270710
1030,270720
1031,270730
1032,270740
1033,270750
1034,270791
1035,270799
1036,270810
1037,270820
1038,270900
1039,271012
1040,271019
1041,271020
1042,271091
1043,271099
1044,271111
1045,271112
1046,271113
1047,271114
1048,271119
1049,271121
1050,271129
1051,271210
1052,271220
1053,271290
1054,271311
1055,271312
1056,271320
1057,271390
1058,271410
1059,271490
1060,271500
1061,280110
1062,280120
1063,280130
1064,280200
1065,280300
1066,280410
1067,280421
1068,280429
1069,280430
1070,280440
1071,280450
1072,280461
1073,280480
1074,280490
1075,280511
1076,280512
1077,280519
1078,280540
1079,280610
1080,280620
1081,280700
1082,280800
1083,280910
1084,280920
1085,281000
1086,281111
1087,281112
1088,281119
1089,281121
1090,281122
1091,281129
1092,281211
1093,281212
1094,281213
1095,281214
1096,281215
1097,281216
1098,281217
1099,281219
1100,281290
1101,281310
1102,281390
1103,281410
1104,281420
1105,281511
1106,281512
1107,281520
1108,281530
1109,281610
1110,281640
1111,281700
1112,281810
1113,281830
1114,281910
1115,281990
1116,282010
1117,282090
1118,282110
1119,282120
1120,282200
1121,282300
1122,282410
1123,282490
1124,282510
1125,282520
1126,282530
1127,282540
1128,282550
1129,282560
1130,282590
1131,282612
1132,282619
1133,282630
1134,282690
1135,282710
1136,282720
1137,282731
1138,282732
1139,282735
1140,282739
1141,282741
1142,282749
1143,282751
1144,282759
1145,282760
1146,282810
1147,282890
1148,282911
1149,282919
1150,282990
1151,283010
1152,283090
1153,283110
1154,283190
1155,283210
1156,283220
1157,283230
1158,283311
1159,283319
1160,283321
1161,283322
1162,283324
1163,283325
1164,283327
1165,283329
1166,283330
1167,283340
1168,283410
1169,283421
1170,283429
1171,283510
1172,283522
1173,283524
1174,283525
1175,283526
1176,283529
1177,283531
1178,283539
1179,283620
1180,283630
1181,283640
1182,283650
1183,283660
1184,283691
1185,283692
1186,283699
1187,283711
1188,283719
1189,283720
1190,283911
1191,283919
1192,283990
1193,284011
1194,284019
1195,284020
1196,284030
1197,284130
1198,284150
1199,284161
1200,284169
1201,284190
1202,284210
1203,284290
1204,284310
1205,284321
1206,284329
1207,284330
1208,284390
1209,284410
1210,284420
1211,284450
1212,284510
1213,284590
1214,284700
1215,284910
1216,284990
1217,285000
1218,285210
1219,285290
1220,285310
1221,285390
1222,290110
1223,290121
1224,290122
1225,290123
1226,290124
1227,290129
1228,290211
1229,290219
1230,290220
1231,290230
1232,290241
1233,290242
1234,290243
1235,290244
1236,290250
1237,290260
1238,290270
1239,290290
1240,290311
1241,290312
1242,290313
1243,290314
1244,290315
1245,290319
1246,290321
1247,290322
1248,290323
1249,290329
1250,290331
1251,290339
1252,290371
1253,290372
1254,290373
1255,290374
1256,290375
1257,290376
1258,290377
1259,290378
1260,290379
1261,290381
1262,290382
1263,290383
1264,290389
1265,290391
1266,290392
1267,290393
1268,290394
1269,290399
1270,290410
1271,290420
1272,290431
1273,290432
1274,290433
1275,290434
1276,290435
1277,290436
1278,290491
1279,290499
1280,290511
1281,290512
1282,290513
1283,290514
1284,290516
1285,290517
1286,290519
1287,290522
1288,290529
1289,290531
1290,290532
1291,290539
1292,290541
1293,290542
1294,290543
1295,290544
1296,290545
1297,290549
1298,290559
1299,290611
1300,290612
1301,290613
1302,290619
1303,290621
1304,290629
1305,290711
1306,290712
1307,290713
1308,290715
1309,290719
1310,290721
1311,290722
1312,290723
1313,290729
1314,290811
1315,290819
1316,290891
1317,290892
1318,290899
1319,290911
1320,290919
1321,290920
1322,290930
1323,290941
1324,290943
1325,290944
1326,290949
1327,290950
1328,290960
1329,291010
1330,291020
1331,291030
1332,291040
1333,291050
1334,291090
1335,291100
1336,291211
1337,291212
1338,291219
1339,291221
1340,291229
1341,291241
1342,291242
1343,291249
1344,291250
1345,291260
1346,291300
1347,291411
1348,291412
1349,291413
1350,291419
1351,291422
1352,291423
1353,291429
1354,291431
1355,291439
1356,291440
1357,291450
1358,291461
1359,291469
1360,291471
1361,291479
1362,291511
1363,291512
1364,291513
1365,291521
1366,291524
1367,291529
1368,291531
1369,291532
1370,291533
1371,291536
1372,291539
1373,291540
1374,291550
1375,291560
1376,291570
1377,291590
1378,291611
1379,291612
1380,291613
1381,291614
1382,291615
1383,291616
1384,291619
1385,291620
1386,291631
1387,291632
1388,291634
1389,291639
1390,291711
1391,291712
1392,291713
1393,291714
1394,291719
1395,291720
1396,291732
1397,291733
1398,291734
1399,291735
1400,291736
1401,291737
1402,291739
1403,291811
1404,291812
1405,291813
1406,291814
1407,291815
1408,291816
1409,291817
1410,291818
1411,291819
1412,291821
1413,291823
1414,291829
1415,291830
1416,291891
1417,291899
1418,291910
1419,291990
1420,292011
1421,292019
1422,292021
1423,292022
1424,292023
1425,292024
1426,292029
1427,292030
1428,292090
1429,292111
1430,292112
1431,292113
1432,292114
1433,292119
1434,292121
1435,292122
1436,292129
1437,292130
1438,292141
1439,292142
1440,292143
1441,292144
1442,292145
1443,292149
1444,292151
1445,292159
1446,292211
1447,292212
1448,292215
1449,292216
1450,292217
1451,292218
1452,292221
1453,292229
1454,292239
1455,292242
1456,292243
1457,292249
1458,292310
1459,292320
1460,292330
1461,292340
1462,292390
1463,292412
1464,292419
1465,292421
1466,292423
1467,292425
1468,292429
1469,292511
1470,292519
1471,292521
1472,292529
1473,292610
1474,292620
1475,292630
1476,292690
1477,292700
1478,292800
1479,292910
1480,292990
1481,293020
1482,293030
1483,293040
1484,293060
1485,293070
1486,293080
1487,293090
1488,293110
1489,293120
1490,293131
1491,293132
1492,293133
1493,293134
1494,293135
1495,293136
1496,293137
1497,293138
1498,293139
1499,293190
1500,293211
1501,293212
1502,293213
1503,293214
1504,293219
1505,293291
1506,293292
1507,293293
1508,293294
1509,293295
1510,293299
1511,293319
1512,293321
1513,293329
1514,293331
1515,293332
1516,293361
1517,293369
1518,293371
1519,293379
1520,293392
1521,293410
1522,293420
1523,293980
1524,294000
1525,294200
1526,310100
1527,310210
1528,310221
1529,310229
1530,310230
1531,310240
1532,310250
1533,310260
1534,310280
1535,310290
1536,310311
1537,310319
1538,310390
1539,310420
1540,310430
1541,310490
1542,310510
1543,310520
1544,310530
1545,310540
1546,310551
1547,310559
1548,310560
1549,310590
1550,320110
1551,320120
1552,320190
1553,320210
1554,320290
1555,320300
1556,320411
1557,320412
1558,320413
1559,320414
1560,320415
1561,320416
1562,320417
1563,320419
1564,320420
1565,320490
1566,320500
1567,320611
1568,320619
1569,320620
1570,320641
1571,320642
1572,320649
1573,320650
1574,320710
1575,320720
1576,320730
1577,320740
1578,320810
1579,320820
1580,320890
1581,320910
1582,320990
1583,321000
1584,321100
1585,321210
1586,321290
1587,321310
1588,321390
1589,321410
1590,321490
1591,321511
1592,321519
1593,321590
1594,330112
1595,330113
1596,330119
1597,330124
1598,330125
1599,330129
1600,330130
1601,330190
1602,330210
1603,330290
1604,330300
1605,330410
1606,330420
1607,330430
1608,330491
1609,330499
1610,330510
1611,330520
1612,330530
1613,330590
1614,330620
1615,330690
1616,330710
1617,330720
1618,330730
1619,330741
1620,330749
1621,330790
1622,340111
1623,340119
1624,340120
1625,340130
1626,340211
1627,340212
1628,340213
1629,340219
1630,340220
1631,340290
1632,340311
1633,340319
1634,340391
1635,340399
1636,340420
1637,340490
1638,340510
1639,340520
1640,340530
1641,340540
1642,340590
1643,340600
1644,350110
1645,350190
1646,350211
1647,350219
1648,350220
1649,350290
1650,350300
1651,350400
1652,350510
1653,350520
1654,350610
1655,350691
1656,350699
1657,350710
1658,350790
1659,360100
1660,360200
1661,360300
1662,360410
1663,360490
1664,360500
1665,360610
1666,360690
1667,370110
1668,370120
1669,370130
1670,370191
1671,370199
1672,370210
1673,370231
1674,370232
1675,370239
1676,370241
1677,370242
1678,370243
1679,370244
1680,370252
1681,370253
1682,370254
1683,370255
1684,370256
1685,370296
1686,370297
1687,370298
1688,370310
1689,370320
1690,370390
1691,370400
1692,370500
1693,370610
1694,370690
1695,370710
1696,370790
1697,380110
1698,380120
1699,380130
1700,380190
1701,380210
1702,380290
1703,380300
1704,380400
1705,380510
1706,380590
1707,380610
1708,380620
1709,380630
1710,380690
1711,380700
1712,380852
1713,380859
1714,380861
1715,380862
1716,380869
1717,380891
1718,380892
1719,380893
1720,380894
1721,380899
1722,380910
1723,380991
1724,380992
1725,380993
1726,381010
1727,381090
1728,381111
1729,381119
1730,381121
1731,381129
1732,381190
1733,381210
1734,381220
1735,381231
1736,381239
1737,381300
1738,381400
1739,381511
1740,381512
1741,381519
1742,381590
1743,381600
1744,381700
1745,381800
1746,381900
1747,382000
1748,382311
1749,382312
1750,382313
1751,382319
1752,382370
1753,382410
1754,382430
1755,382440
1756,382450
1757,382460
1758,382471
1759,382472
1760,382473
1761,382474
1762,382475
1763,382476
1764,382477
1765,382478
1766,382479
1767,382481
1768,382482
1769,382483
1770,382484
1771,382485
1772,382486
1773,382487
1774,382488
1775,382491
1776,382499
1777,382510
1778,382520
1779,382530
1780,382541
1781,382549
1782,382550
1783,382561
1784,382569
1785,382590
1786,382600
1787,390110
1788,390120
1789,390130
1790,390140
1791,390190
1792,390210
1793,390220
1794,390230
1795,390290
1796,390311
1797,390319
1798,390320
1799,390330
1800,390390
1801,390410
1802,390421
1803,390422
1804,390430
1805,390440
1806,390450
1807,390461
1808,390469
1809,390490
1810,390512
1811,390519
1812,390521
1813,390529
1814,390530
1815,390591
1816,390599
1817,390610
1818,390690
1819,390710
1820,390720
1821,390730
1822,390740
1823,390750
1824,390761
1825,390769
1826,390770
1827,390791
1828,390799
1829,390810
1830,390890
1831,390910
1832,390920
1833,390931
1834,390939
1835,390940
1836,390950
1837,391000
1838,391110
1839,391190
1840,391211
1841,391212
1842,391220
1843,391231
1844,391239
1845,391290
1846,391310
1847,391390
1848,391400
1849,391510
1850,391520
1851,391530
1852,391590
1853,391610
1854,391620
1855,391690
1856,391710
1857,391721
1858,391722
1859,391723
1860,391729
1861,391731
1862,391732
1863,391733
1864,391739
1865,391740
1866,391810
1867,391890
1868,391910
1869,391990
1870,392010
1871,392020
1872,392030
1873,392043
1874,392049
1875,392051
1876,392059
1877,392061
1878,392062
1879,392063
1880,392069
1881,392071
1882,392073
1883,392079
1884,392091
1885,392092
1886,392093
1887,392094
1888,392099
1889,392111
1890,392112
1891,392113
1892,392114
1893,392119
1894,392190
1895,392210
1896,392220
1897,392290
1898,392310
1899,392321
1900,392329
1901,392330
1902,392340
1903,392350
1904,392390
1905,392410
1906,392490
1907,392510
1908,392520
1909,392530
1910,392590
1911,392610
1912,392620
1913,392630
1914,392640
1915,392690
1916,400110
1917,400121
1918,400122
1919,400129
1920,400130
1921,400211
1922,400219
1923,400220
1924,400231
1925,400239
1926,400241
1927,400249
1928,400251
1929,400259
1930,400260
1931,400270
1932,400280
1933,400291
1934,400299
1935,400300
1936,400400
1937,400510
1938,400520
1939,400591
1940,400599
1941,400610
1942,400690
1943,400700
1944,400811
1945,400819
1946,400821
1947,400829
1948,400911
1949,400912
1950,400921
1951,400922
1952,400931
1953,400932
1954,400941
1955,400942
1956,401011
1957,401012
1958,401019
1959,401031
1960,401032
1961,401033
1962,401034
1963,401035
1964,401036
1965,401039
1966,401110
1967,401120
1968,401130
1969,401140
1970,401150
1971,401170
1972,401180
1973,401190
1974,401211
1975,401212
1976,401213
1977,401219
1978,401220
1979,401290
1980,401310
1981,401320
1982,401390
1983,401519
1984,401590
1985,401610
1986,401691
1987,401692
1988,401693
1989,401694
1990,401695
1991,401699
1992,401700
1993,410120
1994,410150
1995,410190
1996,410210
1997,410221
1998,410229
1999,410320
2000,410330
2001,410390
2002,410411
2003,410419
2004,410441
2005,410449
2006,410510
2007,410530
2008,410621
2009,410622
2010,410631
2011,410632
2012,410640
2013,410691
2014,410692
2015,410711
2016,410712
2017,410719
2018,410791
2019,410792
2020,410799
2021,411200
2022,411310
2023,411320
2024,411330
2025,411390
2026,411410
2027,411420
2028,411510
2029,411520
2030,420100
2031,420211
2032,420212
2033,420219
2034,420221
2035,420222
2036,420229
2037,420231
2038,420232
2039,420239
2040,420291
2041,420292
2042,420299
2043,420310
2044,420321
2045,420329
2046,420330
2047,420340
2048,420500
2049,430110
2050,430130
2051,430160
2052,430180
2053,430190
2054,430211
2055,430219
2056,430220
2057,430230
2058,430310
2059,430390
2060,430400
2061,440111
2062,440112
2063,440121
2064,440122
2065,440131
2066,440139
2067,440140
2068,440210
2069,440290
2070,440311
2071,440312
2072,440321
2073,440322
2074,440323
2075,440324
2076,440325
2077,440326
2078,440341
2079,440349
2080,440391
2081,440393
2082,440394
2083,440395
2084,440396
2085,440397
2086,440398
2087,440399
2088,440410
2089,440420
2090,440500
2091,440611
2092,440612
2093,440691
2094,440692
2095,440711
2096,440712
2097,440719
2098,440721
2099,440722
2100,440725
2101,440726
2102,440727
2103,440728
2104,440729
2105,440791
2106,440792
2107,440793
2108,440794
2109,440795
2110,440796
2111,440797
2112,440799
2113,440810
2114,440831
2115,440839
2116,440890
2117,440910
2118,440921
2119,440922
2120,440929
2121,441011
2122,441012
2123,441019
2124,441090
2125,441112
2126,441113
2127,441114
2128,441192
2129,441193
2130,441194
2131,441210
2132,441231
2133,441233
2134,441234
2135,441239
2136,441294
2137,441299
2138,441300
2139,441400
2140,441510
2141,441520
2142,441600
2143,441700
2144,441810
2145,441820
2146,441840
2147,441850
2148,441860
2149,441873
2150,441874
2151,441875
2152,441879
2153,441891
2154,441899
2155,441911
2156,441912
2157,441919
2158,441990
2159,442010
2160,442090
2161,442110
2162,442191
2163,442199
2164,450110
2165,450190
2166,450200
2167,450310
2168,450390
2169,450410
2170,450490
2171,460121
2172,460122
2173,460129
2174,460192
2175,460193
2176,460194
2177,460199
2178,460211
2179,460212
2180,460219
2181,460290
2182,470100
2183,470200
2184,470311
2185,470319
2186,470321
2187,470329
2188,470411
2189,470419
2190,470421
2191,470429
2192,470500
2193,470610
2194,470620
2195,470630
2196,470691
2197,470692
2198,470693
2199,470710
2200,470720
2201,470730
2202,470790
2203,480100
2204,480210
2205,480220
2206,480240
2207,480254
2208,480255
2209,480256
2210,480257
2211,480258
2212,480261
2213,480262
2214,480269
2215,480300
2216,480411
2217,480419
2218,480421
2219,480429
2220,480431
2221,480439
2222,480441
2223,480442
2224,480449
2225,480451
2226,480452
2227,480459
2228,480511
2229,480512
2230,480519
2231,480524
2232,480525
2233,480530
2234,480540
2235,480550
2236,480591
2237,480592
2238,480593
2239,480610
2240,480620
2241,480630
2242,480640
2243,480700
2244,480810
2245,480840
2246,480890
2247,480920
2248,480990
2249,481013
2250,481014
2251,481019
2252,481022
2253,481029
2254,481031
2255,481032
2256,481039
2257,481092
2258,481099
2259,481110
2260,481141
2261,481149
2262,481151
2263,481159
2264,481160
2265,481190
2266,481200
2267,481310
2268,481320
2269,481390
2270,481420
2271,481490
2272,481620
2273,481690
2274,481710
2275,481720
2276,481730
2277,481810
2278,481820
2279,481830
2280,481850
2281,481890
2282,481910
2283,481920
2284,481930
2285,481940
2286,481950
2287,481960
2288,482010
2289,482020
2290,482030
2291,482040
2292,482050
2293,482090
2294,482110
2295,482190
2296,482210
2297,482290
2298,482320
2299,482340
2300,482361
2301,482369
2302,482370
2303,482390
2304,490110
2305,490191
2306,490210
2307,490290
2308,490300
2309,490400
2310,490510
2311,490591
2312,490599
2313,490600
2314,490700
2315,490810
2316,490890
2317,490900
2318,491000
2319,491110
2320,491191
2321,491199
2322,500100
2323,500200
2324,500300
2325,500400
2326,500500
2327,500600
2328,500710
2329,500720
2330,500790
2331,510111
2332,510119
2333,510121
2334,510129
2335,510130
2336,510211
2337,510219
2338,510220
2339,510310
2340,510320
2341,510330
2342,510400
2343,510510
2344,510521
2345,510529
2346,510531
2347,510539
2348,510540
2349,510610
2350,510620
2351,510710
2352,510720
2353,510810
2354,510820
2355,510910
2356,510990
2357,511000
2358,511111
2359,511119
2360,511120
2361,511130
2362,511190
2363,511211
2364,511219
2365,511220
2366,511230
2367,511290
2368,511300
2369,520100
2370,520210
2371,520291
2372,520299
2373,520300
2374,520411
2375,520419
2376,520420
2377,520511
2378,520512
2379,520513
2380,520514
2381,520515
2382,520521
2383,520522
2384,520523
2385,520524
2386,520526
2387,520527
2388,520528
2389,520531
2390,520532
2391,520533
2392,520534
2393,520535
2394,520541
2395,520542
2396,520543
2397,520544
2398,520546
2399,520547
2400,520548
2401,520611
2402,520612
2403,520613
2404,520614
2405,520615
2406,520621
2407,520622
2408,520623
2409,520624
2410,520625
2411,520631
2412,520632
2413,520633
2414,520634
2415,520635
2416,520641
2417,520642
2418,520643
2419,520644
2420,520645
2421,520710
2422,520790
2423,520811
2424,520812
2425,520813
2426,520819
2427,520821
2428,520822
2429,520823
2430,520829
2431,520831
2432,520832
2433,520833
2434,520839
2435,520841
2436,520842
2437,520843
2438,520849
2439,520851
2440,520852
2441,520859
2442,520911
2443,520912
2444,520919
2445,520921
2446,520922
2447,520929
2448,520931
2449,520932
2450,520939
2451,520941
2452,520942
2453,520943
2454,520949
2455,520951
2456,520952
2457,520959
2458,521011
2459,521019
2460,521021
2461,521029
2462,521031
2463,521032
2464,521039
2465,521041
2466,521049
2467,521051
2468,521059
2469,521111
2470,521112
2471,521119
2472,521120
2473,521131
2474,521132
2475,521139
2476,521141
2477,521142
2478,521143
2479,521149
2480,521151
2481,521152
2482,521159
2483,521211
2484,521212
2485,521213
2486,521214
2487,521215
2488,521221
2489,521222
2490,521223
2491,521224
2492,521225
2493,530110
2494,530121
2495,530129
2496,530130
2497,530210
2498,530290
2499,530310
2500,530390
2501,530500
2502,530610
2503,530620
2504,530710
2505,530720
2506,530810
2507,530820
2508,530890
2509,530911
2510,530919
2511,530921
2512,530929
2513,531010
2514,531090
2515,531100
2516,540110
2517,540120
2518,540211
2519,540219
2520,540220
2521,540231
2522,540232
2523,540233
2524,540234
2525,540239
2526,540244
2527,540245
2528,540246
2529,540247
2530,540248
2531,540249
2532,540251
2533,540252
2534,540253
2535,540259
2536,540261
2537,540262
2538,540263
2539,540269
2540,540310
2541,540331
2542,540332
2543,540333
2544,540339
2545,540341
2546,540342
2547,540349
2548,540411
2549,540412
2550,540419
2551,540490
2552,540500
2553,540600
2554,540710
2555,540720
2556,540730
2557,540741
2558,540742
2559,540743
2560,540744
2561,540751
2562,540752
2563,540753
2564,540754
2565,540761
2566,540769
2567,540771
2568,540772
2569,540773
2570,540774
2571,540781
2572,540782
2573,540783
2574,540784
2575,540791
2576,540792
2577,540793
2578,540794
2579,540810
2580,540821
2581,540822
2582,540823
2583,540824
2584,540831
2585,540832
2586,540833
2587,540834
2588,550110
2589,550120
2590,550130
2591,550140
2592,550190
2593,550210
2594,550290
2595,550311
2596,550319
2597,550320
2598,550330
2599,550340
2600,550390
2601,550410
2602,550490
2603,550510
2604,550520
2605,550610
2606,550620
2607,550630
2608,550640
2609,550690
2610,550700
2611,550810
2612,550820
2613,550911
2614,550912
2615,550921
2616,550922
2617,550931
2618,550932
2619,550941
2620,550942
2621,550951
2622,550952
2623,550953
2624,550959
2625,550961
2626,550962
2627,550969
2628,550991
2629,550992
2630,550999
2631,551011
2632,551012
2633,551020
2634,551030
2635,551090
2636,551110
2637,551120
2638,551130
2639,551211
2640,551219
2641,551221
2642,551229
2643,551291
2644,551299
2645,551311
2646,551312
2647,551313
2648,551319
2649,551321
2650,551323
2651,551329
2652,551331
2653,551339
2654,551341
2655,551349
2656,551411
2657,551412
2658,551419
2659,551421
2660,551422
2661,551423
2662,551429
2663,551430
2664,551441
2665,551442
2666,551443
2667,551449
2668,551511
2669,551512
2670,551513
2671,551519
2672,551521
2673,551522
2674,551529
2675,551591
2676,551599
2677,551611
2678,551612
2679,551613
2680,551614
2681,551621
2682,551622
2683,551623
2684,551624
2685,551631
2686,551632
2687,551633
2688,551634
2689,551641
2690,551642
2691,551643
2692,551644
2693,551691
2694,551692
2695,551693
2696,551694
2697,560121
2698,560122
2699,560129
2700,560130
2701,560210
2702,560221
2703,560229
2704,560290
2705,560311
2706,560312
2707,560313
2708,560314
2709,560391
2710,560392
2711,560393
2712,560394
2713,560410
2714,560490
2715,560500
2716,560600
2717,560721
2718,560729
2719,560741
2720,560749
2721,560750
2722,560790
2723,560811
2724,560819
2725,560890
2726,560900
2727,570110
2728,570190
2729,570210
2730,570220
2731,570231
2732,570232
2733,570239
2734,570241
2735,570242
2736,570249
2737,570250
2738,570291
2739,570292
2740,570299
2741,570310
2742,570320
2743,570330
2744,570390
2745,570410
2746,570420
2747,570490
2748,570500
2749,580110
2750,580121
2751,580122
2752,580123
2753,580126
2754,580127
2755,580131
2756,580132
2757,580133
2758,580136
2759,580137
2760,580190
2761,580211
2762,580219
2763,580220
2764,580230
2765,580300
2766,580410
2767,580421
2768,580429
2769,580430
2770,580500
2771,580610
2772,580620
2773,580631
2774,580632
2775,580639
2776,580640
2777,580710
2778,580790
2779,580810
2780,580890
2781,580900
2782,581010
2783,581091
2784,581092
2785,581099
2786,581100
2787,590110
2788,590190
2789,590210
2790,590220
2791,590290
2792,590310
2793,590320
2794,590390
2795,590410
2796,590490
2797,590500
2798,590610
2799,590691
2800,590699
2801,590700
2802,590800
2803,590900
2804,591000
2805,591110
2806,591120
2807,591131
2808,591132
2809,591140
2810,591190
2811,600110
2812,600121
2813,600122
2814,600129
2815,600191
2816,600192
2817,600199
2818,600240
2819,600290
2820,600310
2821,600320
2822,600330
2823,600340
2824,600390
2825,600410
2826,600490
2827,600521
2828,600522
2829,600523
2830,600524
2831,600535
2832,600536
2833,600537
2834,600538
2835,600539
2836,600541
2837,600542
2838,600543
2839,600544
2840,600590
2841,600610
2842,600621
2843,600622
2844,600623
2845,600624
2846,600631
2847,600632
2848,600633
2849,600634
2850,600641
2851,600642
2852,600643
2853,600644
2854,600690
2855,610120
2856,610130
2857,610190
2858,610210
2859,610220
2860,610230
2861,610290
2862,610310
2863,610322
2864,610323
2865,610329
2866,610331
2867,610332
2868,610333
2869,610339
2870,610341
2871,610342
2872,610343
2873,610349
2874,610413
2875,610419
2876,610422
2877,610423
2878,610429
2879,610431
2880,610432
2881,610433
2882,610439
2883,610441
2884,610442
2885,610443
2886,610444
2887,610449
2888,610451
2889,610452
2890,610453
2891,610459
2892,610461
2893,610462
2894,610463
2895,610469
2896,610510
2897,610520
2898,610590
2899,610610
2900,610620
2901,610690
2902,610711
2903,610712
2904,610719
2905,610721
2906,610722
2907,610729
2908,610791
2909,610799
2910,610811
2911,610819
2912,610821
2913,610822
2914,610829
2915,610831
2916,610832
2917,610839
2918,610891
2919,610892
2920,610899
2921,610910
2922,610990
2923,611011
2924,611012
2925,611019
2926,611020
2927,611030
2928,611090
2929,611120
2930,611130
2931,611190
2932,611211
2933,611212
2934,611219
2935,611220
2936,611231
2937,611239
2938,611241
2939,611249
2940,611300
2941,611420
2942,611430
2943,611490
2944,611510
2945,611521
2946,611522
2947,611529
2948,611530
2949,611594
2950,611595
2951,611596
2952,611599
2953,611610
2954,611691
2955,611692
2956,611693
2957,611699
2958,611710
2959,611780
2960,611790
2961,620111
2962,620112
2963,620113
2964,620119
2965,620191
2966,620192
2967,620193
2968,620199
2969,620211
2970,620212
2971,620213
2972,620219
2973,620291
2974,620292
2975,620293
2976,620299
2977,620311
2978,620312
2979,620319
2980,620322
2981,620323
2982,620329
2983,620331
2984,620332
2985,620333
2986,620339
2987,620341
2988,620342
2989,620343
2990,620349
2991,620411
2992,620412
2993,620413
2994,620419
2995,620421
2996,620422
2997,620423
2998,620429
2999,620431
3000,620432
3001,620433
3002,620439
3003,620441
3004,620442
3005,620443
3006,620444
3007,620449
3008,620451
3009,620452
3010,620453
3011,620459
3012,620461
3013,620462
3014,620463
3015,620469
3016,620520
3017,620530
3018,620590
3019,620610
3020,620620
3021,620630
3022,620640
3023,620690
3024,620711
3025,620719
3026,620721
3027,620722
3028,620729
3029,620791
3030,620799
3031,620811
3032,620819
3033,620821
3034,620822
3035,620829
3036,620891
3037,620892
3038,620899
3039,620920
3040,620930
3041,620990
3042,621010
3043,621020
3044,621030
3045,621040
3046,621050
3047,621111
3048,621112
3049,621120
3050,621132
3051,621133
3052,621139
3053,621142
3054,621143
3055,621149
3056,621210
3057,621220
3058,621230
3059,621290
3060,621320
3061,621390
3062,621410
3063,621420
3064,621430
3065,621440
3066,621490
3067,621510
3068,621520
3069,621590
3070,621600
3071,621710
3072,621790
3073,630110
3074,630120
3075,630130
3076,630140
3077,630190
3078,630210
3079,630221
3080,630222
3081,630229
3082,630231
3083,630232
3084,630239
3085,630240
3086,630251
3087,630253
3088,630259
3089,630260
3090,630291
3091,630293
3092,630299
3093,630312
3094,630319
3095,630391
3096,630392
3097,630399
3098,630411
3099,630419
3100,630420
3101,630491
3102,630492
3103,630493
3104,630499
3105,630510
3106,630520
3107,630532
3108,630533
3109,630539
3110,630590
3111,630612
3112,630619
3113,630622
3114,630629
3115,630630
3116,630640
3117,630690
3118,630710
3119,630720
3120,630790
3121,630800
3122,630900
3123,631010
3124,631090
3125,640110
3126,640192
3127,640199
3128,640212
3129,640219
3130,640220
3131,640291
3132,640299
3133,640312
3134,640319
3135,640320
3136,640340
3137,640351
3138,640359
3139,640391
3140,640399
3141,640411
3142,640419
3143,640420
3144,640510
3145,640520
3146,640590
3147,640610
3148,640620
3149,640690
3150,650100
3151,650200
3152,650400
3153,650500
3154,650610
3155,650691
3156,650699
3157,650700
3158,660110
3159,660191
3160,660199
3161,660200
3162,660320
3163,660390
3164,670100
3165,670210
3166,670290
3167,670300
3168,670411
3169,670419
3170,670420
3171,670490
3172,680100
3173,680210
3174,680221
3175,680223
3176,680229
3177,680291
3178,680292
3179,680293
3180,680299
3181,680300
3182,680410
3183,680421
3184,680422
3185,680423
3186,680430
3187,680510
3188,680520
3189,680530
3190,680610
3191,680620
3192,680690
3193,680710
3194,680790
3195,680800
3196,680911
3197,680919
3198,680990
3199,681011
3200,681019
3201,681091
3202,681099
3203,681140
3204,681181
3205,681182
3206,681189
3207,681280
3208,681291
3209,681292
3210,681293
3211,681299
3212,681320
3213,681381
3214,681389
3215,681410
3216,681490
3217,681510
3218,681520
3219,681591
3220,681599
3221,690100
3222,690210
3223,690220
3224,690290
3225,690310
3226,690320
3227,690390
3228,690410
3229,690490
3230,690510
3231,690590
3232,690600
3233,690721
3234,690722
3235,690723
3236,690730
3237,690740
3238,690911
3239,690912
3240,690919
3241,690990
3242,691010
3243,691090
3244,691110
3245,691190
3246,691200
3247,691310
3248,691390
3249,691410
3250,691490
3251,700100
3252,700210
3253,700220
3254,700231
3255,700232
3256,700239
3257,700312
3258,700319
3259,700320
3260,700330
3261,700420
3262,700490
3263,700510
3264,700521
3265,700529
3266,700530
3267,700600
3268,700711
3269,700719
3270,700721
3271,700729
3272,700800
3273,700910
3274,700991
3275,700992
3276,701010
3277,701020
3278,701090
3279,701110
3280,701120
3281,701190
3282,701310
3283,701322
3284,701328
3285,701333
3286,701337
3287,701341
3288,701342
3289,701349
3290,701391
3291,701399
3292,701400
3293,701510
3294,701590
3295,701610
3296,701690
3297,701710
3298,701720
3299,701790
3300,701810
3301,701820
3302,701890
3303,701911
3304,701912
3305,701919
3306,701931
3307,701932
3308,701939
3309,701940
3310,701951
3311,701952
3312,701959
3313,701990
3314,702000
3315,710110
3316,710121
3317,710122
3318,710210
3319,710221
3320,710229
3321,710231
3322,710239
3323,710310
3324,710391
3325,710399
3326,710410
3327,710420
3328,710490
3329,710510
3330,710590
3331,710610
3332,710691
3333,710692
3334,710700
3335,710811
3336,710812
3337,710813
3338,710820
3339,710900
3340,711011
3341,711019
3342,711021
3343,711029
3344,711031
3345,711039
3346,711041
3347,711049
3348,711100
3349,711230
3350,711291
3351,711292
3352,711299
3353,711311
3354,711319
3355,711320
3356,711411
3357,711419
3358,711420
3359,711510
3360,711590
3361,711610
3362,711620
3363,711711
3364,711719
3365,711790
3366,711810
3367,711890
3368,720110
3369,720120
3370,720150
3371,720211
3372,720219
3373,720221
3374,720229
3375,720230
3376,720241
3377,720249
3378,720250
3379,720280
3380,720291
3381,720292
3382,720299
3383,720310
3384,720390
3385,720410
3386,720421
3387,720429
3388,720430
3389,720441
3390,720449
3391,720450
3392,720510
3393,720521
3394,720529
3395,720610
3396,720690
3397,720711
3398,720712
3399,720719
3400,720720
3401,720810
3402,720825
3403,720826
3404,720827
3405,720836
3406,720837
3407,720838
3408,720839
3409,720840
3410,720851
3411,720852
3412,720853
3413,720854
3414,720890
3415,720915
3416,720916
3417,720917
3418,720918
3419,720925
3420,720926
3421,720927
3422,720928
3423,720990
3424,721011
3425,721012
3426,721020
3427,721030
3428,721041
3429,721049
3430,721050
3431,721061
3432,721069
3433,721070
3434,721090
3435,721113
3436,721114
3437,721119
3438,721123
3439,721129
3440,721190
3441,721210
3442,721220
3443,721230
3444,721240
3445,721250
3446,721260
3447,721310
3448,721320
3449,721391
3450,721399
3451,721410
3452,721420
3453,721430
3454,721491
3455,721499
3456,721510
3457,721550
3458,721590
3459,721610
3460,721621
3461,721622
3462,721631
3463,721632
3464,721633
3465,721640
3466,721650
3467,721661
3468,721669
3469,721691
3470,721699
3471,721710
3472,721720
3473,721730
3474,721790
3475,721810
3476,721891
3477,721899
3478,721911
3479,721912
3480,721913
3481,721914
3482,721921
3483,721922
3484,721923
3485,721924
3486,721931
3487,721932
3488,721933
3489,721934
3490,721935
3491,721990
3492,722011
3493,722012
3494,722020
3495,722090
3496,722100
3497,722211
3498,722219
3499,722220
3500,722230
3501,722240
3502,722300
3503,722410
3504,722490
3505,722511
3506,722519
3507,722530
3508,722540
3509,722550
3510,722591
3511,722592
3512,722599
3513,722611
3514,722619
3515,722620
3516,722691
3517,722692
3518,722699
3519,722710
3520,722720
3521,722790
3522,722810
3523,722820
3524,722830
3525,722840
3526,722850
3527,722860
3528,722870
3529,722880
3530,722920
3531,722990
3532,730110
3533,730120
3534,730210
3535,730230
3536,730240
3537,730290
3538,730300
3539,730411
3540,730419
3541,730422
3542,730423
3543,730424
3544,730429
3545,730431
3546,730439
3547,730441
3548,730449
3549,730451
3550,730459
3551,730490
3552,730511
3553,730512
3554,730519
3555,730520
3556,730531
3557,730539
3558,730590
3559,730611
3560,730619
3561,730621
3562,730629
3563,730630
3564,730640
3565,730650
3566,730661
3567,730669
3568,730690
3569,730711
3570,730719
3571,730721
3572,730722
3573,730723
3574,730729
3575,730791
3576,730792
3577,730793
3578,730799
3579,730810
3580,730820
3581,730830
3582,730840
3583,730890
3584,730900
3585,731010
3586,731021
3587,731029
3588,731100
3589,731210
3590,731290
3591,731300
3592,731412
3593,731414
3594,731419
3595,731420
3596,731431
3597,731439
3598,731441
3599,731442
3600,731449
3601,731450
3602,731511
3603,731512
3604,731519
3605,731520
3606,731581
3607,731582
3608,731589
3609,731590
3610,731600
3611,731700
3612,731811
3613,731812
3614,731813
3615,731814
3616,731815
3617,731816
3618,731819
3619,731821
3620,731822
3621,731823
3622,731824
3623,731829
3624,731940
3625,731990
3626,732010
3627,732020
3628,732090
3629,732111
3630,732112
3631,732119
3632,732181
3633,732182
3634,732189
3635,732190
3636,732211
3637,732219
3638,732290
3639,732310
3640,732391
3641,732392
3642,732393
3643,732394
3644,732399
3645,732410
3646,732421
3647,732429
3648,732490
3649,732510
3650,732591
3651,732599
3652,732611
3653,732619
3654,732620
3655,732690
3656,740200
3657,740311
3658,740312
3659,740313
3660,740319
3661,740321
3662,740322
3663,740329
3664,740400
3665,740500
3666,740610
3667,740620
3668,740710
3669,740721
3670,740729
3671,740811
3672,740819
3673,740821
3674,740822
3675,740829
3676,740911
3677,740919
3678,740921
3679,740929
3680,740931
3681,740939
3682,740940
3683,740990
3684,741011
3685,741012
3686,741021
3687,741022
3688,741110
3689,741121
3690,741122
3691,741129
3692,741210
3693,741220
3694,741300
3695,741510
3696,741521
3697,741529
3698,741533
3699,741539
3700,741810
3701,741820
3702,741910
3703,741991
3704,741999
3705,750110
3706,750120
3707,750210
3708,750220
3709,750300
3710,750400
3711,750511
3712,750512
3713,750521
3714,750522
3715,750610
3716,750620
3717,750711
3718,750712
3719,750720
3720,750810
3721,750890
3722,760110
3723,760120
3724,760200
3725,760310
3726,760320
3727,760410
3728,760421
3729,760429
3730,760511
3731,760519
3732,760521
3733,760529
3734,760611
3735,760612
3736,760691
3737,760692
3738,760711
3739,760719
3740,760720
3741,760810
3742,760820
3743,760900
3744,761010
3745,761090
3746,761100
3747,761210
3748,761290
3749,761300
3750,761410
3751,761490
3752,761510
3753,761520
3754,761610
3755,761691
3756,761699
3757,780191
3758,780199
3759,780411
3760,780419
3761,780420
3762,780600
3763,790310
3764,790390
3765,790400
3766,790500
3767,790700
3768,800700
3769,810196
3770,810296
3771,810430
3772,810490
3773,810520
3774,810530
3775,810590
3776,810600
3777,810720
3778,810730
3779,810790
3780,810820
3781,810830
3782,810890
3783,810930
3784,810990
3785,811212
3786,811213
3787,811219
3788,811229
3789,811251
3790,811252
3791,811259
3792,811292
3793,811299
3794,811300
3795,820110
3796,820130
3797,820140
3798,820150
3799,820160
3800,820190
3801,820210
3802,820220
3803,820231
3804,820239
3805,820240
3806,820291
3807,820299
3808,820310
3809,820320
3810,820330
3811,820340
3812,820411
3813,820412
3814,820420
3815,820510
3816,820520
3817,820530
3818,820540
3819,820551
3820,820559
3821,820560
3822,820570
3823,820590
3824,820600
3825,820713
3826,820719
3827,820720
3828,820730
3829,820740
3830,820750
3831,820760
3832,820770
3833,820780
3834,820790
3835,820810
3836,820820
3837,820830
3838,820840
3839,820890
3840,820900
3841,821000
3842,821110
3843,821191
3844,821192
3845,821193
3846,821194
3847,821195
3848,821210
3849,821220
3850,821290
3851,821300
3852,821410
3853,821420
3854,821490
3855,821510
3856,821520
3857,821591
3858,821599
3859,830110
3860,830120
3861,830130
3862,830140
3863,830150
3864,830160
3865,830170
3866,830210
3867,830220
3868,830230
3869,830241
3870,830242
3871,830249
3872,830250
3873,830260
3874,830300
3875,830400
3876,830510
3877,830520
3878,830590
3879,830610
3880,830621
3881,830629
3882,830630
3883,830710
3884,830790
3885,830810
3886,830820
3887,830890
3888,830910
3889,830990
3890,831000
3891,831110
3892,831120
3893,831130
3894,831190
3895,840110
3896,840120
3897,840130
3898,840140
3899,840211
3900,840212
3901,840219
3902,840220
3903,840290
3904,840310
3905,840390
3906,840410
3907,840420
3908,840490
3909,840510
3910,840590
3911,840610
3912,840681
3913,840682
3914,840690
3915,840710
3916,840721
3917,840729
3918,840731
3919,840732
3920,840733
3921,840734
3922,840790
3923,840810
3924,840820
3925,840890
3926,840910
3927,840991
3928,840999
3929,841011
3930,841012
3931,841013
3932,841090
3933,841111
3934,841112
3935,841121
3936,841122
3937,841181
3938,841182
3939,841191
3940,841199
3941,841210
3942,841221
3943,841229
3944,841231
3945,841239
3946,841280
3947,841290
3948,841311
3949,841319
3950,841320
3951,841330
3952,841340
3953,841350
3954,841360
3955,841370
3956,841381
3957,841382
3958,841391
3959,841392
3960,841410
3961,841420
3962,841430
3963,841440
3964,841451
3965,841459
3966,841460
3967,841480
3968,841490
3969,841510
3970,841520
3971,841581
3972,841582
3973,841583
3974,841590
3975,841610
3976,841620
3977,841630
3978,841690
3979,841710
3980,841720
3981,841780
3982,841790
3983,841810
3984,841821
3985,841829
3986,841830
3987,841840
3988,841850
3989,841861
3990,841869
3991,841891
3992,841899
3993,841911
3994,841919
3995,841931
3996,841932
3997,841939
3998,841940
3999,841950
4000,841960
4001,841981
4002,841989
4003,841990
4004,842010
4005,842091
4006,842099
4007,842111
4008,842112
4009,842119
4010,842121
4011,842122
4012,842123
4013,842129
4014,842131
4015,842139
4016,842191
4017,842199
4018,842211
4019,842219
4020,842220
4021,842230
4022,842240
4023,842290
4024,842310
4025,842320
4026,842330
4027,842381
4028,842382
4029,842389
4030,842390
4031,842410
4032,842420
4033,842430
4034,842441
4035,842449
4036,842482
4037,842489
4038,842490
4039,842511
4040,842519
4041,842531
4042,842539
4043,842541
4044,842542
4045,842549
4046,842630
4047,842641
4048,842649
4049,842691
4050,842699
4051,842710
4052,842720
4053,842790
4054,842810
4055,842820
4056,842831
4057,842832
4058,842833
4059,842839
4060,842840
4061,842860
4062,842890
4063,842911
4064,842919
4065,842920
4066,842930
4067,842940
4068,842951
4069,842952
4070,842959
4071,843010
4072,843020
4073,843031
4074,843039
4075,843041
4076,843049
4077,843050
4078,843061
4079,843069
4080,843110
4081,843120
4082,843131
4083,843139
4084,843141
4085,843142
4086,843143
4087,843149
4088,843210
4089,843221
4090,843229
4091,843231
4092,843239
4093,843241
4094,843242
4095,843280
4096,843290
4097,843311
4098,843319
4099,843320
4100,843330
4101,843340
4102,843351
4103,843352
4104,843353
4105,843359
4106,843360
4107,843390
4108,843410
4109,843420
4110,843490
4111,843510
4112,843590
4113,843610
4114,843621
4115,843629
4116,843680
4117,843691
4118,843699
4119,843710
4120,843780
4121,843790
4122,843810
4123,843820
4124,843830
4125,843840
4126,843850
4127,843860
4128,843880
4129,843890
4130,843910
4131,843920
4132,843930
4133,843991
4134,843999
4135,844010
4136,844090
4137,844110
4138,844120
4139,844130
4140,844140
4141,844180
4142,844190
4143,844230
4144,844240
4145,844250
4146,844311
4147,844312
4148,844313
4149,844314
4150,844315
4151,844316
4152,844317
4153,844319
4154,844331
4155,844332
4156,844339
4157,844391
4158,844399
4159,844400
4160,844511
4161,844512
4162,844513
4163,844519
4164,844520
4165,844530
4166,844540
4167,844590
4168,844610
4169,844621
4170,844629
4171,844630
4172,844711
4173,844712
4174,844720
4175,844790
4176,844811
4177,844819
4178,844820
4179,844831
4180,844832
4181,844833
4182,844839
4183,844842
4184,844849
4185,844851
4186,844859
4187,844900
4188,845011
4189,845012
4190,845019
4191,845020
4192,845090
4193,845110
4194,845121
4195,845129
4196,845130
4197,845140
4198,845150
4199,845180
4200,845190
4201,845210
4202,845221
4203,845229
4204,845230
4205,845290
4206,845310
4207,845320
4208,845380
4209,845390
4210,845410
4211,845420
4212,845430
4213,845490
4214,845510
4215,845521
4216,845522
4217,845530
4218,845590
4219,845611
4220,845612
4221,845620
4222,845630
4223,845640
4224,845650
4225,845690
4226,845710
4227,845720
4228,845730
4229,845811
4230,845819
4231,845891
4232,845899
4233,845910
4234,845921
4235,845929
4236,845931
4237,845939
4238,845941
4239,845949
4240,845951
4241,845959
4242,845961
4243,845969
4244,845970
4245,846012
4246,846019
4247,846022
4248,846023
4249,846024
4250,846029
4251,846031
4252,846039
4253,846040
4254,846090
4255,846120
4256,846130
4257,846140
4258,846150
4259,846190
4260,846210
4261,846221
4262,846229
4263,846231
4264,846239
4265,846241
4266,846249
4267,846291
4268,846299
4269,846310
4270,846320
4271,846330
4272,846390
4273,846410
4274,846420
4275,846490
4276,846510
4277,846520
4278,846591
4279,846592
4280,846593
4281,846594
4282,846595
4283,846596
4284,846599
4285,846610
4286,846620
4287,846630
4288,846691
4289,846692
4290,846693
4291,846694
4292,846711
4293,846719
4294,846721
4295,846722
4296,846729
4297,846781
4298,846789
4299,846791
4300,846792
4301,846799
4302,846810
4303,846820
4304,846880
4305,846890
4306,847010
4307,847021
4308,847029
4309,847030
4310,847050
4311,847090
4312,847130
4313,847141
4314,847149
4315,847150
4316,847160
4317,847170
4318,847180
4319,847190
4320,847210
4321,847230
4322,847290
4323,847321
4324,847329
4325,847330
4326,847340
4327,847350
4328,847410
4329,847420
4330,847431
4331,847432
4332,847439
4333,847480
4334,847490
4335,847510
4336,847521
4337,847529
4338,847590
4339,847621
4340,847629
4341,847681
4342,847689
4343,847690
4344,847710
4345,847720
4346,847730
4347,847740
4348,847751
4349,847759
4350,847780
4351,847790
4352,847810
4353,847890
4354,847910
4355,847920
4356,847930
4357,847940
4358,847950
4359,847960
4360,847971
4361,847979
4362,847981
4363,847982
4364,847989
4365,847990
4366,848010
4367,848020
4368,848030
4369,848041
4370,848049
4371,848050
4372,848060
4373,848071
4374,848079
4375,848110
4376,848120
4377,848130
4378,848140
4379,848180
4380,848190
4381,848210
4382,848220
4383,848230
4384,848240
4385,848250
4386,848280
4387,848291
4388,848299
4389,848310
4390,848320
4391,848330
4392,848340
4393,848350
4394,848360
4395,848390
4396,848410
4397,848420
4398,848490
4399,848610
4400,848620
4401,848630
4402,848640
4403,848690
4404,848710
4405,848790
4406,850110
4407,850120
4408,850131
4409,850132
4410,850133
4411,850134
4412,850140
4413,850151
4414,850152
4415,850153
4416,850161
4417,850162
4418,850163
4419,850164
4420,850211
4421,850212
4422,850213
4423,850220
4424,850231
4425,850239
4426,850240
4427,850300
4428,850410
4429,850421
4430,850422
4431,850423
4432,850431
4433,850432
4434,850433
4435,850434
4436,850440
4437,850450
4438,850490
4439,850519
4440,850520
4441,850590
4442,850610
4443,850630
4444,850640
4445,850650
4446,850660
4447,850680
4448,850690
4449,850710
4450,850720
4451,850730
4452,850740
4453,850750
4454,850760
4455,850780
4456,850790
4457,850811
4458,850819
4459,850860
4460,850870
4461,850940
4462,850980
4463,850990
4464,851010
4465,851020
4466,851030
4467,851090
4468,851110
4469,851120
4470,851130
4471,851140
4472,851150
4473,851180
4474,851190
4475,851210
4476,851220
4477,851230
4478,851240
4479,851290
4480,851310
4481,851390
4482,851410
4483,851420
4484,851430
4485,851440
4486,851490
4487,851511
4488,851519
4489,851521
4490,851529
4491,851531
4492,851539
4493,851580
4494,851590
4495,851610
4496,851621
4497,851629
4498,851631
4499,851632
4500,851633
4501,851640
4502,851650
4503,851660
4504,851671
4505,851672
4506,851679
4507,851680
4508,851690
4509,851711
4510,851712
4511,851718
4512,851761
4513,851769
4514,851770
4515,851810
4516,851821
4517,851822
4518,851829
4519,851830
4520,851840
4521,851850
4522,851890
4523,851920
4524,851930
4525,851950
4526,851981
4527,851989
4528,852110
4529,852190
4530,852210
4531,852290
4532,852321
4533,852329
4534,852341
4535,852349
4536,852351
4537,852352
4538,852359
4539,852380
4540,852550
4541,852560
4542,852580
4543,852610
4544,852691
4545,852692
4546,852712
4547,852713
4548,852719
4549,852721
4550,852729
4551,852791
4552,852792
4553,852799
4554,852842
4555,852849
4556,852852
4557,852859
4558,852862
4559,852869
4560,852871
4561,852872
4562,852873
4563,852910
4564,852990
4565,853010
4566,853080
4567,853090
4568,853110
4569,853120
4570,853180
4571,853190
4572,853210
4573,853221
4574,853222
4575,853223
4576,853224
4577,853225
4578,853229
4579,853230
4580,853290
4581,853310
4582,853321
4583,853329
4584,853331
4585,853339
4586,853340
4587,853390
4588,853400
4589,853510
4590,853521
4591,853529
4592,853530
4593,853540
4594,853590
4595,853610
4596,853620
4597,853630
4598,853641
4599,853649
4600,853650
4601,853661
4602,853669
4603,853670
4604,853690
4605,853710
4606,853720
4607,853810
4608,853890
4609,853910
4610,853921
4611,853922
4612,853929
4613,853931
4614,853932
4615,853939
4616,853941
4617,853949
4618,853950
4619,853990
4620,854011
4621,854012
4622,854020
4623,854040
4624,854060
4625,854071
4626,854079
4627,854081
4628,854089
4629,854091
4630,854099
4631,854110
4632,854121
4633,854129
4634,854130
4635,854140
4636,854150
4637,854160
4638,854190
4639,854231
4640,854232
4641,854233
4642,854239
4643,854290
4644,854310
4645,854320
4646,854330
4647,854370
4648,854390
4649,854411
4650,854419
4651,854420
4652,854430
4653,854442
4654,854449
4655,854460
4656,854470
4657,854511
4658,854519
4659,854520
4660,854590
4661,854610
4662,854620
4663,854690
4664,854710
4665,854720
4666,854790
4667,854810
4668,854890
4669,860110
4670,860120
4671,860210
4672,860290
4673,860310
4674,860390
4675,860400
4676,860500
4677,860610
4678,860630
4679,860691
4680,860692
4681,860699
4682,860711
4683,860712
4684,860719
4685,860721
4686,860729
4687,860730
4688,860791
4689,860799
4690,860800
4691,870110
4692,870120
4693,870130
4694,870191
4695,870192
4696,870193
4697,870194
4698,870195
4699,870210
4700,870220
4701,870230
4702,870240
4703,870290
4704,870310
4705,870321
4706,870322
4707,870323
4708,870324
4709,870331
4710,870332
4711,870333
4712,870340
4713,870350
4714,870360
4715,870370
4716,870380
4717,870390
4718,870410
4719,870421
4720,870422
4721,870423
4722,870431
4723,870432
4724,870490
4725,870510
4726,870520
4727,870530
4728,870540
4729,870590
4730,870600
4731,870710
4732,870790
4733,870810
4734,870821
4735,870829
4736,870830
4737,870840
4738,870850
4739,870870
4740,870880
4741,870891
4742,870892
4743,870893
4744,870894
4745,870895
4746,870899
4747,870911
4748,870919
4749,870990
4750,871000
4751,871110
4752,871120
4753,871130
4754,871140
4755,871150
4756,871160
4757,871190
4758,871200
4759,871410
4760,871491
4761,871492
4762,871493
4763,871494
4764,871495
4765,871496
4766,871499
4767,871500
4768,871610
4769,871620
4770,871631
4771,871639
4772,871640
4773,871680
4774,871690
4775,880100
4776,880211
4777,880212
4778,880220
4779,880230
4780,880240
4781,880260
4782,880310
4783,880320
4784,880330
4785,880390
4786,880400
4787,880510
4788,880521
4789,880529
4790,890110
4791,890120
4792,890130
4793,890190
4794,890200
4795,890310
4796,890391
4797,890392
4798,890399
4799,890400
4800,890510
4801,890520
4802,890590
4803,890610
4804,890690
4805,890710
4806,890790
4807,890800
4808,900110
4809,900120
4810,900130
4811,900140
4812,900150
4813,900190
4814,900211
4815,900219
4816,900220
4817,900290
4818,900311
4819,900319
4820,900390
4821,900410
4822,900490
4823,900510
4824,900580
4825,900590
4826,900630
4827,900640
4828,900651
4829,900652
4830,900653
4831,900659
4832,900661
4833,900669
4834,900691
4835,900699
4836,900710
4837,900720
4838,900791
4839,900792
4840,900850
4841,900890
4842,901010
4843,901050
4844,901060
4845,901090
4846,901110
4847,901120
4848,901180
4849,901190
4850,901210
4851,901290
4852,901310
4853,901320
4854,901380
4855,901390
4856,901410
4857,901420
4858,901480
4859,901490
4860,901510
4861,901520
4862,901530
4863,901540
4864,901580
4865,901590
4866,901600
4867,901710
4868,901720
4869,901730
4870,901780
4871,901790
4872,901811
4873,901812
4874,901813
4875,901814
4876,901819
4877,901820
4878,901890
4879,902150
4880,902212
4881,902213
4882,902214
4883,902219
4884,902221
4885,902229
4886,902230
4887,902290
4888,902300
4889,902410
4890,902480
4891,902490
4892,902519
4893,902580
4894,902590
4895,902610
4896,902620
4897,902680
4898,902690
4899,902710
4900,902720
4901,902730
4902,902750
4903,902780
4904,902790
4905,902810
4906,902820
4907,902830
4908,902890
4909,902910
4910,902920
4911,902990
4912,903010
4913,903020
4914,903031
4915,903032
4916,903033
4917,903039
4918,903040
4919,903082
4920,903084
4921,903089
4922,903090
4923,903110
4924,903120
4925,903141
4926,903149
4927,903180
4928,903190
4929,903210
4930,903220
4931,903281
4932,903289
4933,903290
4934,903300
4935,910111
4936,910119
4937,910121
4938,910129
4939,910191
4940,910199
4941,910211
4942,910212
4943,910219
4944,910221
4945,910229
4946,910291
4947,910299
4948,910310
4949,910390
4950,910400
4951,910511
4952,910519
4953,910521
4954,910529
4955,910591
4956,910599
4957,910610
4958,910690
4959,910700
4960,910811
4961,910812
4962,910819
4963,910820
4964,910890
4965,910910
4966,910990
4967,911011
4968,911012
4969,911019
4970,911090
4971,911110
4972,911120
4973,911180
4974,911190
4975,911220
4976,911290
4977,911310
4978,911320
4979,911390
4980,911410
4981,911430
4982,911440
4983,911490
4984,920110
4985,920120
4986,920190
4987,920210
4988,920290
4989,920510
4990,920590
4991,920600
4992,920710
4993,920790
4994,920810
4995,920890
4996,920930
4997,920991
4998,920992
4999,920994
5000,920999
5001,930110
5002,930120
5003,930190
5004,930200
5005,930310
5006,930320
5007,930330
5008,930390
5009,930400
5010,930510
5011,930520
5012,930591
5013,930599
5014,930621
5015,930629
5016,930630
5017,930690
5018,930700
5019,940110
5020,940120
5021,940130
5022,940140
5023,940152
5024,940153
5025,940159
5026,940161
5027,940169
5028,940190
5029,940310
5030,940320
5031,940330
5032,940340
5033,940350
5034,940360
5035,940382
5036,940383
5037,940389
5038,940390
5039,940410
5040,940421
5041,940429
5042,940430
5043,940490
5044,940510
5045,940520
5046,940530
5047,940540
5048,940550
5049,940560
5050,940591
5051,940592
5052,940599
5053,940610
5054,940690
5055,950300
5056,950420
5057,950430
5058,950440
5059,950450
5060,950490
5061,950510
5062,950590
5063,950611
5064,950612
5065,950619
5066,950621
5067,950629
5068,950631
5069,950632
5070,950639
5071,950640
5072,950651
5073,950659
5074,950661
5075,950662
5076,950669
5077,950670
5078,950691
5079,950699
5080,950710
5081,950720
5082,950730
5083,950790
5084,950810
5085,950890
5086,960110
5087,960190
5088,960200
5089,960310
5090,960321
5091,960329
5092,960330
5093,960340
5094,960350
5095,960390
5096,960400
5097,960500
5098,960610
5099,960621
5100,960622
5101,960629
5102,960630
5103,960711
5104,960719
5105,960720
5106,960810
5107,960820
5108,960830
5109,960840
5110,960850
5111,960860
5112,960891
5113,960899
5114,960910
5115,960920
5116,960990
5117,961000
5118,961100
5119,961210
5120,961220
5121,961310
5122,961320
5123,961380
5124,961390
5125,961400
5126,961511
5127,961519
5128,961590
5129,961610
5130,961620
5131,961700
5132,961800
5133,961900
5134,962000
5135,970110
5136,970190
5137,970200
5138,970300
5139,970400
5140,970500
5141,970600
